<?xml version="1.0" encoding="ISO-8859-1"?> 
<?xml-stylesheet href="latest_ob.xsl" type="text/xsl"?>
<current_observation version="1.0"
	 xmlns:xsd="http://www.w3.org/2001/XMLSchema"
	 xmlns:xsi="http://www.w3.org/2001/XMLSchema-instance"
	 xsi:noNamespaceSchemaLocation="http://www.weather.gov/view/current_observation.xsd">
	<credit>NOAA's National Weather Service</credit>
	<credit_URL>http://weather.gov/</credit_URL>
	<image>
		<url>http://weather.gov/images/xml_logo.gif</url>
		<title>NOAA's National Weather Service</title>
		<link>http://weather.gov</link>
	</image>
	<suggested_pickup>15 minutes after the hour</suggested_pickup>
	<suggested_pickup_period>60</suggested_pickup_period>
	<location>Unknown Station</location>
	<station_id>-17.6</station_id>
	<observation_time>Last Updated on Sep 24 2017, 4:15 pm ST </observation_time>
        <observation_time_rfc822>Sun, 24 Sep 2017 16:15:00 +0000</observation_time_rfc822>
	<temperature_string>71.0 F (21.6 C)</temperature_string>
	<temp_f>71.0</temp_f>
	<temp_c>21.6</temp_c>
	<wind_string>from the Southwest at 38.0 gusting to 55.2 MPH (33 gusting to 48 KT)</wind_string>
	<wind_dir>Southwest</wind_dir>
	<wind_degrees>218</wind_degrees>
	<wind_mph>38.0</wind_mph>
	<wind_gust_mph>55.2</wind_gust_mph>
	<wind_kt>33</wind_kt>
	<wind_gust_kt>48</wind_gust_kt>
	<pressure_string>101.5 mb</pressure_string>
	<pressure_mb>101.5</pressure_mb>
	<two_day_history_url>http://www.weather.gov/data/obhistory/-17.6.html</two_day_history_url>
	<ob_url>http://www.weather.gov/data/METAR/-17.6.1.txt</ob_url>
	<disclaimer_url>http://weather.gov/disclaimer.html</disclaimer_url>
	<copyright_url>http://weather.gov/disclaimer.html</copyright_url>
	<privacy_policy_url>http://weather.gov/notice.html</privacy_policy_url>
</current_observation>
