<?xml version="1.0" encoding="ISO-8859-1"?> 
<?xml-stylesheet href="latest_ob.xsl" type="text/xsl"?>
<current_observation version="1.0"
	 xmlns:xsd="http://www.w3.org/2001/XMLSchema"
	 xmlns:xsi="http://www.w3.org/2001/XMLSchema-instance"
	 xsi:noNamespaceSchemaLocation="http://www.weather.gov/view/current_observation.xsd">
	<credit>NOAA's National Weather Service</credit>
	<credit_URL>http://weather.gov/</credit_URL>
	<image>
		<url>http://weather.gov/images/xml_logo.gif</url>
		<title>NOAA's National Weather Service</title>
		<link>http://weather.gov</link>
	</image>
	<suggested_pickup>15 minutes after the hour</suggested_pickup>
	<suggested_pickup_period>60</suggested_pickup_period>
	<location>Unknown Station</location>
	<station_id>-18.5</station_id>
	<observation_time>Last Updated on Oct 3 2017, 1:15 pm ST </observation_time>
        <observation_time_rfc822>Tue, 03 Oct 2017 13:15:00 +0000</observation_time_rfc822>
	<temperature_string>75.0 F (23.8 C)</temperature_string>
	<temp_f>75.0</temp_f>
	<temp_c>23.8</temp_c>
	<wind_string>from the South at 29.9 gusting to 54.1 MPH (26 gusting to 47 KT)</wind_string>
	<wind_dir>South</wind_dir>
	<wind_degrees>163</wind_degrees>
	<wind_mph>29.9</wind_mph>
	<wind_gust_mph>54.1</wind_gust_mph>
	<wind_kt>26</wind_kt>
	<wind_gust_kt>47</wind_gust_kt>
	<pressure_string>101.3 mb</pressure_string>
	<pressure_mb>101.3</pressure_mb>
	<two_day_history_url>http://www.weather.gov/data/obhistory/-18.5.html</two_day_history_url>
	<ob_url>http://www.weather.gov/data/METAR/-18.5.1.txt</ob_url>
	<disclaimer_url>http://weather.gov/disclaimer.html</disclaimer_url>
	<copyright_url>http://weather.gov/disclaimer.html</copyright_url>
	<privacy_policy_url>http://weather.gov/notice.html</privacy_policy_url>
</current_observation>
