<?xml version="1.0" encoding="ISO-8859-1"?> 
<?xml-stylesheet href="latest_ob.xsl" type="text/xsl"?>
<current_observation version="1.0"
	 xmlns:xsd="http://www.w3.org/2001/XMLSchema"
	 xmlns:xsi="http://www.w3.org/2001/XMLSchema-instance"
	 xsi:noNamespaceSchemaLocation="http://www.weather.gov/view/current_observation.xsd">
	<credit>NOAA's National Weather Service</credit>
	<credit_URL>http://weather.gov/</credit_URL>
	<image>
		<url>http://weather.gov/images/xml_logo.gif</url>
		<title>NOAA's National Weather Service</title>
		<link>http://weather.gov</link>
	</image>
	<suggested_pickup>15 minutes after the hour</suggested_pickup>
	<suggested_pickup_period>60</suggested_pickup_period>
	<location>Unknown Station</location>
	<station_id>-18.6</station_id>
	<observation_time>Last Updated on Sep 12 2017, 6:15 pm ST </observation_time>
        <observation_time_rfc822>Tue, 12 Sep 2017 18:15:00 +0000</observation_time_rfc822>
	<temperature_string>81.0 F (27.3 C)</temperature_string>
	<temp_f>81.0</temp_f>
	<temp_c>27.3</temp_c>
	<wind_string>from the Southeast at 63.3 gusting to 124.3 MPH (55 gusting to 108 KT)</wind_string>
	<wind_dir>Southeast</wind_dir>
	<wind_degrees>121</wind_degrees>
	<wind_mph>63.3</wind_mph>
	<wind_gust_mph>124.3</wind_gust_mph>
	<wind_kt>55</wind_kt>
	<wind_gust_kt>108</wind_gust_kt>
	<pressure_string>101.3 mb</pressure_string>
	<pressure_mb>101.3</pressure_mb>
	<two_day_history_url>http://www.weather.gov/data/obhistory/-18.6.html</two_day_history_url>
	<ob_url>http://www.weather.gov/data/METAR/-18.6.1.txt</ob_url>
	<disclaimer_url>http://weather.gov/disclaimer.html</disclaimer_url>
	<copyright_url>http://weather.gov/disclaimer.html</copyright_url>
	<privacy_policy_url>http://weather.gov/notice.html</privacy_policy_url>
</current_observation>
