<?xml version="1.0" encoding="ISO-8859-1"?> 
<?xml-stylesheet href="latest_ob.xsl" type="text/xsl"?>
<current_observation version="1.0"
	 xmlns:xsd="http://www.w3.org/2001/XMLSchema"
	 xmlns:xsi="http://www.w3.org/2001/XMLSchema-instance"
	 xsi:noNamespaceSchemaLocation="http://www.weather.gov/view/current_observation.xsd">
	<credit>NOAA's National Weather Service</credit>
	<credit_URL>http://weather.gov/</credit_URL>
	<image>
		<url>http://weather.gov/images/xml_logo.gif</url>
		<title>NOAA's National Weather Service</title>
		<link>http://weather.gov</link>
	</image>
	<suggested_pickup>15 minutes after the hour</suggested_pickup>
	<suggested_pickup_period>60</suggested_pickup_period>
	<location>Unknown Station</location>
	<station_id>41057</station_id>
	<observation_time>Last Updated on Jan 27 2018, 2:00 pm AST</observation_time>
        <observation_time_rfc822>Sat, 27 Jan 2018 14:00:00 -0400</observation_time_rfc822>
	<temperature_string>77.5 F (25.3 C)</temperature_string>
	<temp_f>77.5</temp_f>
	<temp_c>25.3</temp_c>
	<pressure_string>1018.0 mb</pressure_string>
	<pressure_mb>1018.0</pressure_mb>
	<dewpoint_string>69.1 F (20.6 C)</dewpoint_string>
	<dewpoint_f>69.1</dewpoint_f>
	<dewpoint_c>20.6</dewpoint_c>
	<mean_wave_dir>Northeast</mean_wave_dir>
	<mean_wave_degrees></mean_wave_degrees>
	<disclaimer_url>http://weather.gov/disclaimer.html</disclaimer_url>
	<copyright_url>http://weather.gov/disclaimer.html</copyright_url>
	<privacy_policy_url>http://weather.gov/notice.html</privacy_policy_url>
</current_observation>
