<?xml version="1.0" encoding="ISO-8859-1"?> 
<?xml-stylesheet href="latest_ob.xsl" type="text/xsl"?>
<current_observation version="1.0"
	 xmlns:xsd="http://www.w3.org/2001/XMLSchema"
	 xmlns:xsi="http://www.w3.org/2001/XMLSchema-instance"
	 xsi:noNamespaceSchemaLocation="http://www.weather.gov/view/current_observation.xsd">
	<credit>NOAA's National Weather Service</credit>
	<credit_URL>http://weather.gov/</credit_URL>
	<image>
		<url>http://weather.gov/images/xml_logo.gif</url>
		<title>NOAA's National Weather Service</title>
		<link>http://weather.gov</link>
	</image>
	<suggested_pickup>15 minutes after the hour</suggested_pickup>
	<suggested_pickup_period>60</suggested_pickup_period>
	<location>Unknown Station</location>
	<station_id>42065</station_id>
	<observation_time>Last Updated on Feb 15 2012, 7:50 am AST</observation_time>
        <observation_time_rfc822>Wed, 15 Feb 2012 07:50:00 -0400</observation_time_rfc822>
	<temperature_string>71.4 F (21.9 C)</temperature_string>
	<temp_f>71.4</temp_f>
	<temp_c>21.9</temp_c>
	<wind_string>Northwest at 2.2 MPH (1.94 KT)</wind_string>
	<wind_dir>Northwest</wind_dir>
	<wind_degrees>330</wind_degrees>
	<wind_mph>2.2</wind_mph>
	<wind_gust_mph>0.0</wind_gust_mph>
	<wind_kt>1.94</wind_kt>
	<wave_height_m>0.2</wave_height_m>
	<wave_height_ft>0.66</wave_height_ft>
	<average_period_sec>4.0</average_period_sec>
	<mean_wave_dir>East</mean_wave_dir>
	<mean_wave_degrees></mean_wave_degrees>
	<disclaimer_url>http://weather.gov/disclaimer.html</disclaimer_url>
	<copyright_url>http://weather.gov/disclaimer.html</copyright_url>
	<privacy_policy_url>http://weather.gov/notice.html</privacy_policy_url>
</current_observation>
