<?xml version="1.0" encoding="ISO-8859-1"?> 
<?xml-stylesheet href="latest_ob.xsl" type="text/xsl"?>
<current_observation version="1.0"
	 xmlns:xsd="http://www.w3.org/2001/XMLSchema"
	 xmlns:xsi="http://www.w3.org/2001/XMLSchema-instance"
	 xsi:noNamespaceSchemaLocation="http://www.weather.gov/view/current_observation.xsd">
	<credit>NOAA's National Weather Service</credit>
	<credit_URL>http://weather.gov/</credit_URL>
	<image>
		<url>http://weather.gov/images/xml_logo.gif</url>
		<title>NOAA's National Weather Service</title>
		<link>http://weather.gov</link>
	</image>
	<suggested_pickup>15 minutes after the hour</suggested_pickup>
	<suggested_pickup_period>60</suggested_pickup_period>
	<location>Unknown Station</location>
	<station_id>42363</station_id>
	<observation_time>Last Updated on Jun 18 2016, 1:30 am AST</observation_time>
        <observation_time_rfc822>Sat, 18 Jun 2016 01:30:00 -0400</observation_time_rfc822>
	<temperature_string>84.0 F (28.9 C)</temperature_string>
	<temp_f>84.0</temp_f>
	<temp_c>28.9</temp_c>
	<wind_string>West at 6.7 MPH (5.83 KT)</wind_string>
	<wind_dir>West</wind_dir>
	<wind_degrees>280</wind_degrees>
	<wind_mph>6.7</wind_mph>
	<wind_gust_mph>0.0</wind_gust_mph>
	<wind_kt>5.83</wind_kt>
	<pressure_string>1015.6 mb</pressure_string>
	<pressure_mb>1015.6</pressure_mb>
	<pressure_tendency_mb>1.0</pressure_tendency_mb>
	<dewpoint_string>75.0 F (23.9 C)</dewpoint_string>
	<dewpoint_f>75.0</dewpoint_f>
	<dewpoint_c>23.9</dewpoint_c>
	<mean_wave_dir>East</mean_wave_dir>
	<mean_wave_degrees></mean_wave_degrees>
	<disclaimer_url>http://weather.gov/disclaimer.html</disclaimer_url>
	<copyright_url>http://weather.gov/disclaimer.html</copyright_url>
	<privacy_policy_url>http://weather.gov/notice.html</privacy_policy_url>
</current_observation>
