<?xml version="1.0" encoding="ISO-8859-1"?> 
<?xml-stylesheet href="latest_ob.xsl" type="text/xsl"?>
<current_observation version="1.0"
	 xmlns:xsd="http://www.w3.org/2001/XMLSchema"
	 xmlns:xsi="http://www.w3.org/2001/XMLSchema-instance"
	 xsi:noNamespaceSchemaLocation="http://www.weather.gov/view/current_observation.xsd">
	<credit>NOAA's National Weather Service</credit>
	<credit_URL>http://weather.gov/</credit_URL>
	<image>
		<url>http://weather.gov/images/xml_logo.gif</url>
		<title>NOAA's National Weather Service</title>
		<link>http://weather.gov</link>
	</image>
	<suggested_pickup>15 minutes after the hour</suggested_pickup>
	<suggested_pickup_period>60</suggested_pickup_period>
	<location>Unknown Station</location>
	<station_id>42394</station_id>
	<observation_time>Last Updated on Jun 1 2018, 12:30 am ADT</observation_time>
        <observation_time_rfc822>Fri, 01 Jun 2018 00:30:00 -0300</observation_time_rfc822>
	<temperature_string>80.2 F (26.8 C)</temperature_string>
	<temp_f>80.2</temp_f>
	<temp_c>26.8</temp_c>
	<dewpoint_string>75.6 F (24.2 C)</dewpoint_string>
	<dewpoint_f>75.6</dewpoint_f>
	<dewpoint_c>24.2</dewpoint_c>
	<mean_wave_dir>Northwest</mean_wave_dir>
	<mean_wave_degrees></mean_wave_degrees>
	<disclaimer_url>http://weather.gov/disclaimer.html</disclaimer_url>
	<copyright_url>http://weather.gov/disclaimer.html</copyright_url>
	<privacy_policy_url>http://weather.gov/notice.html</privacy_policy_url>
</current_observation>
