<?xml version="1.0" encoding="ISO-8859-1"?> 
<?xml-stylesheet href="latest_ob.xsl" type="text/xsl"?>
<current_observation version="1.0"
	 xmlns:xsd="http://www.w3.org/2001/XMLSchema"
	 xmlns:xsi="http://www.w3.org/2001/XMLSchema-instance"
	 xsi:noNamespaceSchemaLocation="http://www.weather.gov/view/current_observation.xsd">
	<credit>NOAA's National Weather Service</credit>
	<credit_URL>http://weather.gov/</credit_URL>
	<image>
		<url>http://weather.gov/images/xml_logo.gif</url>
		<title>NOAA's National Weather Service</title>
		<link>http://weather.gov</link>
	</image>
	<suggested_pickup>15 minutes after the hour</suggested_pickup>
	<suggested_pickup_period>60</suggested_pickup_period>
	<location>Unknown Station</location>
	<station_id>44005</station_id>
	<observation_time>Last Updated on Sep 7 2018, 2:50 am ADT</observation_time>
        <observation_time_rfc822>Fri, 07 Sep 2018 02:50:00 -0300</observation_time_rfc822>
	<temperature_string>66.6 F (19.2 C)</temperature_string>
	<temp_f>66.6</temp_f>
	<temp_c>19.2</temp_c>
	<water_temp_f>67.6</water_temp_f>
	<water_temp_c>19.8</water_temp_c>
	<pressure_string>1021.1 mb</pressure_string>
	<pressure_mb>1021.1</pressure_mb>
	<pressure_tendency_mb>1.5</pressure_tendency_mb>
	<wave_height_m>0.8</wave_height_m>
	<wave_height_ft>2.62</wave_height_ft>
	<dominant_period_sec>3</dominant_period_sec>
	<average_period_sec>3.7</average_period_sec>
	<mean_wave_dir>North</mean_wave_dir>
	<mean_wave_degrees>3</mean_wave_degrees>
	<disclaimer_url>http://weather.gov/disclaimer.html</disclaimer_url>
	<copyright_url>http://weather.gov/disclaimer.html</copyright_url>
	<privacy_policy_url>http://weather.gov/notice.html</privacy_policy_url>
</current_observation>
