<?xml version="1.0" encoding="ISO-8859-1"?> 
<?xml-stylesheet href="latest_ob.xsl" type="text/xsl"?>
<current_observation version="1.0"
	 xmlns:xsd="http://www.w3.org/2001/XMLSchema"
	 xmlns:xsi="http://www.w3.org/2001/XMLSchema-instance"
	 xsi:noNamespaceSchemaLocation="http://www.weather.gov/view/current_observation.xsd">
	<credit>NOAA's National Weather Service</credit>
	<credit_URL>http://weather.gov/</credit_URL>
	<image>
		<url>http://weather.gov/images/xml_logo.gif</url>
		<title>NOAA's National Weather Service</title>
		<link>http://weather.gov</link>
	</image>
	<suggested_pickup>15 minutes after the hour</suggested_pickup>
	<suggested_pickup_period>60</suggested_pickup_period>
	<location>Unknown Station</location>
	<station_id>44013</station_id>
	<observation_time>Last Updated on Sep 18 2018, 11:50 am ADT</observation_time>
        <observation_time_rfc822>Tue, 18 Sep 2018 11:50:00 -0300</observation_time_rfc822>
	<temperature_string>73.2 F (22.9 C)</temperature_string>
	<temp_f>73.2</temp_f>
	<temp_c>22.9</temp_c>
	<water_temp_f>68.2</water_temp_f>
	<water_temp_c>20.1</water_temp_c>
	<wind_string>South at 17.9 MPH (15.55 KT)</wind_string>
	<wind_dir>South</wind_dir>
	<wind_degrees>180</wind_degrees>
	<wind_mph>17.9</wind_mph>
	<wind_gust_mph>0.0</wind_gust_mph>
	<wind_kt>15.55</wind_kt>
	<pressure_string>1005.2 mb</pressure_string>
	<pressure_mb>1005.2</pressure_mb>
	<pressure_tendency_mb>-3.2</pressure_tendency_mb>
	<dewpoint_string>72.5 F (22.5 C)</dewpoint_string>
	<dewpoint_f>72.5</dewpoint_f>
	<dewpoint_c>22.5</dewpoint_c>
	<wave_height_m>0.6</wave_height_m>
	<wave_height_ft>1.97</wave_height_ft>
	<dominant_period_sec>9</dominant_period_sec>
	<average_period_sec>4.0</average_period_sec>
	<mean_wave_dir>East</mean_wave_dir>
	<mean_wave_degrees>111</mean_wave_degrees>
	<disclaimer_url>http://weather.gov/disclaimer.html</disclaimer_url>
	<copyright_url>http://weather.gov/disclaimer.html</copyright_url>
	<privacy_policy_url>http://weather.gov/notice.html</privacy_policy_url>
</current_observation>
