<?xml version="1.0" encoding="ISO-8859-1"?> 
<?xml-stylesheet href="latest_ob.xsl" type="text/xsl"?>
<current_observation version="1.0"
	 xmlns:xsd="http://www.w3.org/2001/XMLSchema"
	 xmlns:xsi="http://www.w3.org/2001/XMLSchema-instance"
	 xsi:noNamespaceSchemaLocation="http://www.weather.gov/view/current_observation.xsd">
	<credit>NOAA's National Weather Service</credit>
	<credit_URL>http://weather.gov/</credit_URL>
	<image>
		<url>http://weather.gov/images/xml_logo.gif</url>
		<title>NOAA's National Weather Service</title>
		<link>http://weather.gov</link>
	</image>
	<suggested_pickup>15 minutes after the hour</suggested_pickup>
	<suggested_pickup_period>60</suggested_pickup_period>
	<location>Buoy D - New Meadows River</location>
	<station_id>44021</station_id>
	<latitude>43.783</latitude>
	<longitude>-69.888</longitude>
	<observation_time>Last Updated on Jan 9 2013, 11:04 am EST</observation_time>
        <observation_time_rfc822>Wed, 09 Jan 2013 11:04:00 -0500</observation_time_rfc822>
	<temperature_string>32.5 F (0.3 C)</temperature_string>
	<temp_f>32.5</temp_f>
	<temp_c>0.3</temp_c>
	<water_temp_f>37.9</water_temp_f>
	<water_temp_c>3.3</water_temp_c>
	<wind_string>North at 6.7 MPH (5.83 KT)</wind_string>
	<wind_dir>North</wind_dir>
	<wind_degrees>20</wind_degrees>
	<wind_mph>6.7</wind_mph>
	<wind_gust_mph>0.0</wind_gust_mph>
	<wind_kt>5.83</wind_kt>
	<windchill_string>26 F (-3 C)</windchill_string>
      	<windchill_f>26</windchill_f>
      	<windchill_c>-3</windchill_c>
	<wave_height_m>0.1</wave_height_m>
	<wave_height_ft>0.33</wave_height_ft>
	<mean_wave_dir>East</mean_wave_dir>
	<mean_wave_degrees></mean_wave_degrees>
	<disclaimer_url>http://weather.gov/disclaimer.html</disclaimer_url>
	<copyright_url>http://weather.gov/disclaimer.html</copyright_url>
	<privacy_policy_url>http://weather.gov/notice.html</privacy_policy_url>
</current_observation>
