<?xml version="1.0" encoding="ISO-8859-1"?> 
<?xml-stylesheet href="latest_ob.xsl" type="text/xsl"?>
<current_observation version="1.0"
	 xmlns:xsd="http://www.w3.org/2001/XMLSchema"
	 xmlns:xsi="http://www.w3.org/2001/XMLSchema-instance"
	 xsi:noNamespaceSchemaLocation="http://www.weather.gov/view/current_observation.xsd">
	<credit>NOAA's National Weather Service</credit>
	<credit_URL>http://weather.gov/</credit_URL>
	<image>
		<url>http://weather.gov/images/xml_logo.gif</url>
		<title>NOAA's National Weather Service</title>
		<link>http://weather.gov</link>
	</image>
	<suggested_pickup>15 minutes after the hour</suggested_pickup>
	<suggested_pickup_period>60</suggested_pickup_period>
	<location>Unknown Station</location>
	<station_id>44029</station_id>
	<observation_time>Last Updated on Sep 18 2018, 11:04 am ADT</observation_time>
        <observation_time_rfc822>Tue, 18 Sep 2018 11:04:00 -0300</observation_time_rfc822>
	<temperature_string>70.0 F (21.1 C)</temperature_string>
	<temp_f>70.0</temp_f>
	<temp_c>21.1</temp_c>
	<water_temp_f>67.1</water_temp_f>
	<water_temp_c>19.5</water_temp_c>
	<wind_string>South at 15.7 MPH (13.61 KT)</wind_string>
	<wind_dir>South</wind_dir>
	<wind_degrees>180</wind_degrees>
	<wind_mph>15.7</wind_mph>
	<wind_gust_mph>0.0</wind_gust_mph>
	<wind_kt>13.61</wind_kt>
	<pressure_string>1004.8 mb</pressure_string>
	<pressure_mb>1004.8</pressure_mb>
	<visibility_mi>1.60</visibility_mi>
	<wave_height_m>0.6</wave_height_m>
	<wave_height_ft>1.97</wave_height_ft>
	<dominant_period_sec>3</dominant_period_sec>
	<mean_wave_dir>South</mean_wave_dir>
	<mean_wave_degrees></mean_wave_degrees>
	<disclaimer_url>http://weather.gov/disclaimer.html</disclaimer_url>
	<copyright_url>http://weather.gov/disclaimer.html</copyright_url>
	<privacy_policy_url>http://weather.gov/notice.html</privacy_policy_url>
</current_observation>
