<?xml version="1.0" encoding="ISO-8859-1"?> 
<?xml-stylesheet href="latest_ob.xsl" type="text/xsl"?>
<current_observation version="1.0"
	 xmlns:xsd="http://www.w3.org/2001/XMLSchema"
	 xmlns:xsi="http://www.w3.org/2001/XMLSchema-instance"
	 xsi:noNamespaceSchemaLocation="http://www.weather.gov/view/current_observation.xsd">
	<credit>NOAA's National Weather Service</credit>
	<credit_URL>http://weather.gov/</credit_URL>
	<image>
		<url>http://weather.gov/images/xml_logo.gif</url>
		<title>NOAA's National Weather Service</title>
		<link>http://weather.gov</link>
	</image>
	<suggested_pickup>15 minutes after the hour</suggested_pickup>
	<suggested_pickup_period>60</suggested_pickup_period>
	<location>Unknown Station</location>
	<station_id>44024</station_id>
	<observation_time>Last Updated on Jul 15 2017, 9:04 am ADT</observation_time>
        <observation_time_rfc822>Sat, 15 Jul 2017 09:04:00 -0300</observation_time_rfc822>
	<temperature_string>60.3 F (15.7 C)</temperature_string>
	<temp_f>60.3</temp_f>
	<temp_c>15.7</temp_c>
	<water_temp_f>58.1</water_temp_f>
	<water_temp_c>14.5</water_temp_c>
	<wind_string>East at 6.7 MPH (5.83 KT)</wind_string>
	<wind_dir>East</wind_dir>
	<wind_degrees>70</wind_degrees>
	<wind_mph>6.7</wind_mph>
	<wind_gust_mph>0.0</wind_gust_mph>
	<wind_kt>5.83</wind_kt>
	<pressure_string>1012.9 mb</pressure_string>
	<pressure_mb>1012.9</pressure_mb>
	<windchill_string>60 F (16 C)</windchill_string>
      	<windchill_f>60</windchill_f>
      	<windchill_c>16</windchill_c>
	<visibility_mi>0.20</visibility_mi>
	<wave_height_m>1.1</wave_height_m>
	<wave_height_ft>3.61</wave_height_ft>
	<dominant_period_sec>8</dominant_period_sec>
	<mean_wave_dir>South</mean_wave_dir>
	<mean_wave_degrees></mean_wave_degrees>
	<disclaimer_url>http://weather.gov/disclaimer.html</disclaimer_url>
	<copyright_url>http://weather.gov/disclaimer.html</copyright_url>
	<privacy_policy_url>http://weather.gov/notice.html</privacy_policy_url>
</current_observation>
