<?xml version="1.0" encoding="ISO-8859-1"?> 
<?xml-stylesheet href="latest_ob.xsl" type="text/xsl"?>
<current_observation version="1.0"
	 xmlns:xsd="http://www.w3.org/2001/XMLSchema"
	 xmlns:xsi="http://www.w3.org/2001/XMLSchema-instance"
	 xsi:noNamespaceSchemaLocation="http://www.weather.gov/view/current_observation.xsd">
	<credit>NOAA's National Weather Service</credit>
	<credit_URL>http://weather.gov/</credit_URL>
	<image>
		<url>http://weather.gov/images/xml_logo.gif</url>
		<title>NOAA's National Weather Service</title>
		<link>http://weather.gov</link>
	</image>
	<suggested_pickup>15 minutes after the hour</suggested_pickup>
	<suggested_pickup_period>60</suggested_pickup_period>
	<location>Unknown Station</location>
	<station_id>44034</station_id>
	<observation_time>Last Updated on Sep 18 2018, 11:04 am ADT</observation_time>
        <observation_time_rfc822>Tue, 18 Sep 2018 11:04:00 -0300</observation_time_rfc822>
	<temperature_string>59.5 F (15.3 C)</temperature_string>
	<temp_f>59.5</temp_f>
	<temp_c>15.3</temp_c>
	<water_temp_f>57.2</water_temp_f>
	<water_temp_c>14.0</water_temp_c>
	<wind_string>West at 9.0 MPH (7.78 KT)</wind_string>
	<wind_dir>West</wind_dir>
	<wind_degrees>250</wind_degrees>
	<wind_mph>9.0</wind_mph>
	<wind_gust_mph>0.0</wind_gust_mph>
	<wind_kt>7.78</wind_kt>
	<pressure_string>1009.0 mb</pressure_string>
	<pressure_mb>1009.0</pressure_mb>
	<windchill_string>58 F (14 C)</windchill_string>
      	<windchill_f>58</windchill_f>
      	<windchill_c>14</windchill_c>
	<visibility_mi>0.10</visibility_mi>
	<wave_height_m>1.4</wave_height_m>
	<wave_height_ft>4.59</wave_height_ft>
	<dominant_period_sec>6</dominant_period_sec>
	<mean_wave_dir>South</mean_wave_dir>
	<mean_wave_degrees></mean_wave_degrees>
	<disclaimer_url>http://weather.gov/disclaimer.html</disclaimer_url>
	<copyright_url>http://weather.gov/disclaimer.html</copyright_url>
	<privacy_policy_url>http://weather.gov/notice.html</privacy_policy_url>
</current_observation>
