<?xml version="1.0" encoding="ISO-8859-1"?> 
<?xml-stylesheet href="latest_ob.xsl" type="text/xsl"?>
<current_observation version="1.0"
	 xmlns:xsd="http://www.w3.org/2001/XMLSchema"
	 xmlns:xsi="http://www.w3.org/2001/XMLSchema-instance"
	 xsi:noNamespaceSchemaLocation="http://www.weather.gov/view/current_observation.xsd">
	<credit>NOAA's National Weather Service</credit>
	<credit_URL>http://weather.gov/</credit_URL>
	<image>
		<url>http://weather.gov/images/xml_logo.gif</url>
		<title>NOAA's National Weather Service</title>
		<link>http://weather.gov</link>
	</image>
	<suggested_pickup>15 minutes after the hour</suggested_pickup>
	<suggested_pickup_period>60</suggested_pickup_period>
	<location>Unknown Station</location>
	<station_id>45136</station_id>
	<observation_time>Last Updated on Sep 18 2018, 12:00 pm ADT</observation_time>
        <observation_time_rfc822>Tue, 18 Sep 2018 12:00:00 -0300</observation_time_rfc822>
	<temperature_string>43.2 F (6.2 C)</temperature_string>
	<temp_f>43.2</temp_f>
	<temp_c>6.2</temp_c>
	<water_temp_f>54.9</water_temp_f>
	<water_temp_c>12.7</water_temp_c>
	<wind_string>Northeast at 13.4 MPH (11.66 KT)</wind_string>
	<wind_dir>Northeast</wind_dir>
	<wind_degrees>40</wind_degrees>
	<wind_mph>13.4</wind_mph>
	<wind_gust_mph>0.0</wind_gust_mph>
	<wind_kt>11.66</wind_kt>
	<pressure_string>1019.2 mb</pressure_string>
	<pressure_mb>1019.2</pressure_mb>
	<pressure_tendency_mb>-0.3</pressure_tendency_mb>
	<windchill_string>36 F (2 C)</windchill_string>
      	<windchill_f>36</windchill_f>
      	<windchill_c>2</windchill_c>
	<wave_height_m>0.4</wave_height_m>
	<wave_height_ft>1.31</wave_height_ft>
	<dominant_period_sec>3</dominant_period_sec>
	<mean_wave_dir>Northwest</mean_wave_dir>
	<mean_wave_degrees></mean_wave_degrees>
	<disclaimer_url>http://weather.gov/disclaimer.html</disclaimer_url>
	<copyright_url>http://weather.gov/disclaimer.html</copyright_url>
	<privacy_policy_url>http://weather.gov/notice.html</privacy_policy_url>
</current_observation>
