<?xml version="1.0" encoding="ISO-8859-1"?> 
<?xml-stylesheet href="latest_ob.xsl" type="text/xsl"?>
<current_observation version="1.0"
	 xmlns:xsd="http://www.w3.org/2001/XMLSchema"
	 xmlns:xsi="http://www.w3.org/2001/XMLSchema-instance"
	 xsi:noNamespaceSchemaLocation="http://www.weather.gov/view/current_observation.xsd">
	<credit>NOAA's National Weather Service</credit>
	<credit_URL>http://weather.gov/</credit_URL>
	<image>
		<url>http://weather.gov/images/xml_logo.gif</url>
		<title>NOAA's National Weather Service</title>
		<link>http://weather.gov</link>
	</image>
	<suggested_pickup>15 minutes after the hour</suggested_pickup>
	<suggested_pickup_period>60</suggested_pickup_period>
	<location>Unknown Station</location>
	<station_id>45167</station_id>
	<observation_time>Last Updated on Sep 18 2018, 10:59 am ADT</observation_time>
        <observation_time_rfc822>Tue, 18 Sep 2018 10:59:00 -0300</observation_time_rfc822>
	<temperature_string>70.3 F (21.3 C)</temperature_string>
	<temp_f>70.3</temp_f>
	<temp_c>21.3</temp_c>
	<water_temp_f>72.0</water_temp_f>
	<water_temp_c>22.2</water_temp_c>
	<wind_string>Southwest at 11.2 MPH (9.72 KT)</wind_string>
	<wind_dir>Southwest</wind_dir>
	<wind_degrees>240</wind_degrees>
	<wind_mph>11.2</wind_mph>
	<wind_gust_mph>0.0</wind_gust_mph>
	<wind_kt>9.72</wind_kt>
	<pressure_string>1011.6 mb</pressure_string>
	<pressure_mb>1011.6</pressure_mb>
	<wave_height_m>0.3</wave_height_m>
	<wave_height_ft>0.98</wave_height_ft>
	<dominant_period_sec>2</dominant_period_sec>
	<mean_wave_dir>West</mean_wave_dir>
	<mean_wave_degrees>286</mean_wave_degrees>
	<disclaimer_url>http://weather.gov/disclaimer.html</disclaimer_url>
	<copyright_url>http://weather.gov/disclaimer.html</copyright_url>
	<privacy_policy_url>http://weather.gov/notice.html</privacy_policy_url>
</current_observation>
