<?xml version="1.0" encoding="ISO-8859-1"?> 
<?xml-stylesheet href="latest_ob.xsl" type="text/xsl"?>
<current_observation version="1.0"
	 xmlns:xsd="http://www.w3.org/2001/XMLSchema"
	 xmlns:xsi="http://www.w3.org/2001/XMLSchema-instance"
	 xsi:noNamespaceSchemaLocation="http://www.weather.gov/view/current_observation.xsd">
	<credit>NOAA's National Weather Service</credit>
	<credit_URL>http://weather.gov/</credit_URL>
	<image>
		<url>http://weather.gov/images/xml_logo.gif</url>
		<title>NOAA's National Weather Service</title>
		<link>http://weather.gov</link>
	</image>
	<suggested_pickup>15 minutes after the hour</suggested_pickup>
	<suggested_pickup_period>60</suggested_pickup_period>
	<location>Unknown Station</location>
	<station_id>46002</station_id>
	<observation_time>Last Updated on Sep 18 2018, 12:20 pm ADT</observation_time>
        <observation_time_rfc822>Tue, 18 Sep 2018 12:20:00 -0300</observation_time_rfc822>
	<temperature_string>62.2 F (16.8 C)</temperature_string>
	<temp_f>62.2</temp_f>
	<temp_c>16.8</temp_c>
	<water_temp_f>64.8</water_temp_f>
	<water_temp_c>18.2</water_temp_c>
	<wind_string>Northwest at 6.7 MPH (5.83 KT)</wind_string>
	<wind_dir>Northwest</wind_dir>
	<wind_degrees>320</wind_degrees>
	<wind_mph>6.7</wind_mph>
	<wind_gust_mph>0.0</wind_gust_mph>
	<wind_kt>5.83</wind_kt>
	<pressure_string>1023.6 mb</pressure_string>
	<pressure_mb>1023.6</pressure_mb>
	<dewpoint_string>52.5 F (11.4 C)</dewpoint_string>
	<dewpoint_f>52.5</dewpoint_f>
	<dewpoint_c>11.4</dewpoint_c>
	<windchill_string>62 F (17 C)</windchill_string>
      	<windchill_f>62</windchill_f>
      	<windchill_c>17</windchill_c>
	<mean_wave_dir>Northeast</mean_wave_dir>
	<mean_wave_degrees></mean_wave_degrees>
	<disclaimer_url>http://weather.gov/disclaimer.html</disclaimer_url>
	<copyright_url>http://weather.gov/disclaimer.html</copyright_url>
	<privacy_policy_url>http://weather.gov/notice.html</privacy_policy_url>
</current_observation>
