<?xml version="1.0" encoding="ISO-8859-1"?> 
<?xml-stylesheet href="latest_ob.xsl" type="text/xsl"?>
<current_observation version="1.0"
	 xmlns:xsd="http://www.w3.org/2001/XMLSchema"
	 xmlns:xsi="http://www.w3.org/2001/XMLSchema-instance"
	 xsi:noNamespaceSchemaLocation="http://www.weather.gov/view/current_observation.xsd">
	<credit>NOAA's National Weather Service</credit>
	<credit_URL>http://weather.gov/</credit_URL>
	<image>
		<url>http://weather.gov/images/xml_logo.gif</url>
		<title>NOAA's National Weather Service</title>
		<link>http://weather.gov</link>
	</image>
	<suggested_pickup>15 minutes after the hour</suggested_pickup>
	<suggested_pickup_period>60</suggested_pickup_period>
	<location>Unknown Station</location>
	<station_id>46015</station_id>
	<observation_time>Last Updated on Oct 30 2017, 1:20 pm EDT</observation_time>
        <observation_time_rfc822>Mon, 30 Oct 2017 13:20:00 -0400</observation_time_rfc822>
	<temperature_string>56.8 F (13.8 C)</temperature_string>
	<temp_f>56.8</temp_f>
	<temp_c>13.8</temp_c>
	<water_temp_f>58.3</water_temp_f>
	<water_temp_c>14.6</water_temp_c>
	<wind_string>Southeast at 9.0 MPH (7.78 KT)</wind_string>
	<wind_dir>Southeast</wind_dir>
	<wind_degrees>130</wind_degrees>
	<wind_mph>9.0</wind_mph>
	<wind_gust_mph>0.0</wind_gust_mph>
	<wind_kt>7.78</wind_kt>
	<pressure_string>1014.5 mb</pressure_string>
	<pressure_mb>1014.5</pressure_mb>
	<dewpoint_string>54.5 F (12.5 C)</dewpoint_string>
	<dewpoint_f>54.5</dewpoint_f>
	<dewpoint_c>12.5</dewpoint_c>
	<windchill_string>55 F (13 C)</windchill_string>
      	<windchill_f>55</windchill_f>
      	<windchill_c>13</windchill_c>
	<mean_wave_dir>West</mean_wave_dir>
	<mean_wave_degrees></mean_wave_degrees>
	<disclaimer_url>http://weather.gov/disclaimer.html</disclaimer_url>
	<copyright_url>http://weather.gov/disclaimer.html</copyright_url>
	<privacy_policy_url>http://weather.gov/notice.html</privacy_policy_url>
</current_observation>
