<?xml version="1.0" encoding="ISO-8859-1"?> 
<?xml-stylesheet href="latest_ob.xsl" type="text/xsl"?>
<current_observation version="1.0"
	 xmlns:xsd="http://www.w3.org/2001/XMLSchema"
	 xmlns:xsi="http://www.w3.org/2001/XMLSchema-instance"
	 xsi:noNamespaceSchemaLocation="http://www.weather.gov/view/current_observation.xsd">
	<credit>NOAA's National Weather Service</credit>
	<credit_URL>http://weather.gov/</credit_URL>
	<image>
		<url>http://weather.gov/images/xml_logo.gif</url>
		<title>NOAA's National Weather Service</title>
		<link>http://weather.gov</link>
	</image>
	<suggested_pickup>15 minutes after the hour</suggested_pickup>
	<suggested_pickup_period>60</suggested_pickup_period>
	<location>Unknown Station</location>
	<station_id>46089</station_id>
	<observation_time>Last Updated on Sep 18 2018, 11:50 am ADT</observation_time>
        <observation_time_rfc822>Tue, 18 Sep 2018 11:50:00 -0300</observation_time_rfc822>
	<temperature_string>59.2 F (15.1 C)</temperature_string>
	<temp_f>59.2</temp_f>
	<temp_c>15.1</temp_c>
	<water_temp_f>62.6</water_temp_f>
	<water_temp_c>17.0</water_temp_c>
	<wind_string>North at 13.4 MPH (11.66 KT)</wind_string>
	<wind_dir>North</wind_dir>
	<wind_degrees>10</wind_degrees>
	<wind_mph>13.4</wind_mph>
	<wind_gust_mph>0.0</wind_gust_mph>
	<wind_kt>11.66</wind_kt>
	<pressure_string>1020.7 mb</pressure_string>
	<pressure_mb>1020.7</pressure_mb>
	<pressure_tendency_mb>0.3</pressure_tendency_mb>
	<windchill_string>57 F (14 C)</windchill_string>
      	<windchill_f>57</windchill_f>
      	<windchill_c>14</windchill_c>
	<wave_height_m>1.1</wave_height_m>
	<wave_height_ft>3.61</wave_height_ft>
	<dominant_period_sec>15</dominant_period_sec>
	<average_period_sec>5.0</average_period_sec>
	<mean_wave_dir>Southwest</mean_wave_dir>
	<mean_wave_degrees>216</mean_wave_degrees>
	<disclaimer_url>http://weather.gov/disclaimer.html</disclaimer_url>
	<copyright_url>http://weather.gov/disclaimer.html</copyright_url>
	<privacy_policy_url>http://weather.gov/notice.html</privacy_policy_url>
</current_observation>
