<?xml version="1.0" encoding="ISO-8859-1"?> 
<?xml-stylesheet href="latest_ob.xsl" type="text/xsl"?>
<current_observation version="1.0"
	 xmlns:xsd="http://www.w3.org/2001/XMLSchema"
	 xmlns:xsi="http://www.w3.org/2001/XMLSchema-instance"
	 xsi:noNamespaceSchemaLocation="http://www.weather.gov/view/current_observation.xsd">
	<credit>NOAA's National Weather Service</credit>
	<credit_URL>http://weather.gov/</credit_URL>
	<image>
		<url>http://weather.gov/images/xml_logo.gif</url>
		<title>NOAA's National Weather Service</title>
		<link>http://weather.gov</link>
	</image>
	<suggested_pickup>15 minutes after the hour</suggested_pickup>
	<suggested_pickup_period>60</suggested_pickup_period>
	<location>Unknown Station</location>
	<station_id>46099</station_id>
	<observation_time>Last Updated on Sep 18 2018, 10:30 am ADT</observation_time>
        <observation_time_rfc822>Tue, 18 Sep 2018 10:30:00 -0300</observation_time_rfc822>
	<temperature_string>55.8 F (13.2 C)</temperature_string>
	<temp_f>55.8</temp_f>
	<temp_c>13.2</temp_c>
	<water_temp_f>57.7</water_temp_f>
	<water_temp_c>14.3</water_temp_c>
	<wind_string>North at 9.0 MPH (7.78 KT)</wind_string>
	<wind_dir>North</wind_dir>
	<wind_degrees>350</wind_degrees>
	<wind_mph>9.0</wind_mph>
	<wind_gust_mph>0.0</wind_gust_mph>
	<wind_kt>7.78</wind_kt>
	<pressure_string>1019.7 mb</pressure_string>
	<pressure_mb>1019.7</pressure_mb>
	<windchill_string>54 F (12 C)</windchill_string>
      	<windchill_f>54</windchill_f>
      	<windchill_c>12</windchill_c>
	<mean_wave_dir>Southwest</mean_wave_dir>
	<mean_wave_degrees></mean_wave_degrees>
	<disclaimer_url>http://weather.gov/disclaimer.html</disclaimer_url>
	<copyright_url>http://weather.gov/disclaimer.html</copyright_url>
	<privacy_policy_url>http://weather.gov/notice.html</privacy_policy_url>
</current_observation>
