<?xml version="1.0" encoding="ISO-8859-1"?> 
<?xml-stylesheet href="latest_ob.xsl" type="text/xsl"?>
<current_observation version="1.0"
	 xmlns:xsd="http://www.w3.org/2001/XMLSchema"
	 xmlns:xsi="http://www.w3.org/2001/XMLSchema-instance"
	 xsi:noNamespaceSchemaLocation="http://www.weather.gov/view/current_observation.xsd">
	<credit>NOAA's National Weather Service</credit>
	<credit_URL>http://weather.gov/</credit_URL>
	<image>
		<url>http://weather.gov/images/xml_logo.gif</url>
		<title>NOAA's National Weather Service</title>
		<link>http://weather.gov</link>
	</image>
	<suggested_pickup>15 minutes after the hour</suggested_pickup>
	<suggested_pickup_period>60</suggested_pickup_period>
	<location>Unknown Station</location>
	<station_id>46231</station_id>
	<observation_time>Last Updated on Jan 8 2016, 9:30 pm AST</observation_time>
        <observation_time_rfc822>Fri, 08 Jan 2016 21:30:00 -0400</observation_time_rfc822>
	<water_temp_f>61.5</water_temp_f>
	<water_temp_c>16.4</water_temp_c>
	<wave_height_m>2</wave_height_m>
	<wave_height_ft>6.56</wave_height_ft>
	<dominant_period_sec>15</dominant_period_sec>
	<average_period_sec>8.2</average_period_sec>
	<mean_wave_dir>West</mean_wave_dir>
	<mean_wave_degrees>273</mean_wave_degrees>
	<disclaimer_url>http://weather.gov/disclaimer.html</disclaimer_url>
	<copyright_url>http://weather.gov/disclaimer.html</copyright_url>
	<privacy_policy_url>http://weather.gov/notice.html</privacy_policy_url>
</current_observation>
