<?xml version="1.0" encoding="ISO-8859-1"?> 
<?xml-stylesheet href="latest_ob.xsl" type="text/xsl"?>
<current_observation version="1.0"
	 xmlns:xsd="http://www.w3.org/2001/XMLSchema"
	 xmlns:xsi="http://www.w3.org/2001/XMLSchema-instance"
	 xsi:noNamespaceSchemaLocation="http://www.weather.gov/view/current_observation.xsd">
	<credit>NOAA's National Weather Service</credit>
	<credit_URL>http://weather.gov/</credit_URL>
	<image>
		<url>http://weather.gov/images/xml_logo.gif</url>
		<title>NOAA's National Weather Service</title>
		<link>http://weather.gov</link>
	</image>
	<suggested_pickup>15 minutes after the hour</suggested_pickup>
	<suggested_pickup_period>60</suggested_pickup_period>
	<location>Unknown Station</location>
	<station_id>46S10</station_id>
	<observation_time>Last Updated on Aug 15 2013, 1:50 pm AKDT</observation_time>
        <observation_time_rfc822>Thu, 15 Aug 2013 13:50:00 -0800</observation_time_rfc822>
	<temperature_string>59.4 F (15.2 C)</temperature_string>
	<temp_f>59.4</temp_f>
	<temp_c>15.2</temp_c>
	<wind_string>Northwest at 11.2 MPH (9.72 KT)</wind_string>
	<wind_dir>Northwest</wind_dir>
	<wind_degrees>310</wind_degrees>
	<wind_mph>11.2</wind_mph>
	<wind_gust_mph>0.0</wind_gust_mph>
	<wind_kt>9.72</wind_kt>
	<pressure_string>1016.8 mb</pressure_string>
	<pressure_mb>1016.8</pressure_mb>
	<dewpoint_string>54.0 F (12.2 C)</dewpoint_string>
	<dewpoint_f>54.0</dewpoint_f>
	<dewpoint_c>12.2</dewpoint_c>
	<windchill_string>57 F (14 C)</windchill_string>
      	<windchill_f>57</windchill_f>
      	<windchill_c>14</windchill_c>
	<mean_wave_dir>West</mean_wave_dir>
	<mean_wave_degrees></mean_wave_degrees>
	<disclaimer_url>http://weather.gov/disclaimer.html</disclaimer_url>
	<copyright_url>http://weather.gov/disclaimer.html</copyright_url>
	<privacy_policy_url>http://weather.gov/notice.html</privacy_policy_url>
</current_observation>
