<?xml version="1.0" encoding="ISO-8859-1"?> 
<?xml-stylesheet href="latest_ob.xsl" type="text/xsl"?>
<current_observation version="1.0"
	 xmlns:xsd="http://www.w3.org/2001/XMLSchema"
	 xmlns:xsi="http://www.w3.org/2001/XMLSchema-instance"
	 xsi:noNamespaceSchemaLocation="http://www.weather.gov/view/current_observation.xsd">
	<credit>NOAA's National Weather Service</credit>
	<credit_URL>http://weather.gov/</credit_URL>
	<image>
		<url>http://weather.gov/images/xml_logo.gif</url>
		<title>NOAA's National Weather Service</title>
		<link>http://weather.gov</link>
	</image>
	<suggested_pickup>15 minutes after the hour</suggested_pickup>
	<suggested_pickup_period>60</suggested_pickup_period>
	<location>Unknown Station</location>
	<station_id>48012</station_id>
	<observation_time>Last Updated on Oct 16 2015, 4:00 pm AST</observation_time>
        <observation_time_rfc822>Fri, 16 Oct 2015 16:00:00 -0400</observation_time_rfc822>
	<temperature_string>33.4 F (0.8 C)</temperature_string>
	<temp_f>33.4</temp_f>
	<temp_c>0.8</temp_c>
	<water_temp_f>33.8</water_temp_f>
	<water_temp_c>1.0</water_temp_c>
	<wind_string>Northeast at 2.2 MPH (1.94 KT)</wind_string>
	<wind_dir>Northeast</wind_dir>
	<wind_degrees>60</wind_degrees>
	<wind_mph>2.2</wind_mph>
	<wind_gust_mph>0.0</wind_gust_mph>
	<wind_kt>1.94</wind_kt>
	<pressure_string>1014.5 mb</pressure_string>
	<pressure_mb>1014.5</pressure_mb>
	<pressure_tendency_mb>0.0</pressure_tendency_mb>
	<mean_wave_dir>West</mean_wave_dir>
	<mean_wave_degrees></mean_wave_degrees>
	<disclaimer_url>http://weather.gov/disclaimer.html</disclaimer_url>
	<copyright_url>http://weather.gov/disclaimer.html</copyright_url>
	<privacy_policy_url>http://weather.gov/notice.html</privacy_policy_url>
</current_observation>
