<?xml version="1.0" encoding="ISO-8859-1"?> 
<?xml-stylesheet href="latest_ob.xsl" type="text/xsl"?>
<current_observation version="1.0"
	 xmlns:xsd="http://www.w3.org/2001/XMLSchema"
	 xmlns:xsi="http://www.w3.org/2001/XMLSchema-instance"
	 xsi:noNamespaceSchemaLocation="http://www.weather.gov/view/current_observation.xsd">
	<credit>NOAA's National Weather Service</credit>
	<credit_URL>http://weather.gov/</credit_URL>
	<image>
		<url>http://weather.gov/images/xml_logo.gif</url>
		<title>NOAA's National Weather Service</title>
		<link>http://weather.gov</link>
	</image>
	<suggested_pickup>15 minutes after the hour</suggested_pickup>
	<suggested_pickup_period>60</suggested_pickup_period>
	<location>Unknown Station</location>
	<station_id>51001</station_id>
	<observation_time>Last Updated on Jun 5 2018, 6:20 pm ADT</observation_time>
        <observation_time_rfc822>Tue, 05 Jun 2018 18:20:00 -0300</observation_time_rfc822>
	<temperature_string>81.1 F (27.3 C)</temperature_string>
	<temp_f>81.1</temp_f>
	<temp_c>27.3</temp_c>
	<water_temp_f>81.9</water_temp_f>
	<water_temp_c>27.7</water_temp_c>
	<wind_string>East at 11.2 MPH (9.72 KT)</wind_string>
	<wind_dir>East</wind_dir>
	<wind_degrees>100</wind_degrees>
	<wind_mph>11.2</wind_mph>
	<wind_gust_mph>0.0</wind_gust_mph>
	<wind_kt>9.72</wind_kt>
	<pressure_string>1014.5 mb</pressure_string>
	<pressure_mb>1014.5</pressure_mb>
	<dewpoint_string>77.2 F (25.1 C)</dewpoint_string>
	<dewpoint_f>77.2</dewpoint_f>
	<dewpoint_c>25.1</dewpoint_c>
	<mean_wave_dir>East</mean_wave_dir>
	<mean_wave_degrees></mean_wave_degrees>
	<disclaimer_url>http://weather.gov/disclaimer.html</disclaimer_url>
	<copyright_url>http://weather.gov/disclaimer.html</copyright_url>
	<privacy_policy_url>http://weather.gov/notice.html</privacy_policy_url>
</current_observation>
