<?xml version="1.0" encoding="ISO-8859-1"?> 
<?xml-stylesheet href="latest_ob.xsl" type="text/xsl"?>
<current_observation version="1.0"
	 xmlns:xsd="http://www.w3.org/2001/XMLSchema"
	 xmlns:xsi="http://www.w3.org/2001/XMLSchema-instance"
	 xsi:noNamespaceSchemaLocation="http://www.weather.gov/view/current_observation.xsd">
	<credit>NOAA's National Weather Service</credit>
	<credit_URL>http://weather.gov/</credit_URL>
	<image>
		<url>http://weather.gov/images/xml_logo.gif</url>
		<title>NOAA's National Weather Service</title>
		<link>http://weather.gov</link>
	</image>
	<suggested_pickup>15 minutes after the hour</suggested_pickup>
	<suggested_pickup_period>60</suggested_pickup_period>
	<location>Unknown Station</location>
	<station_id>61002</station_id>
	<observation_time>Last Updated on Nov 5 2015, 8:00 am AST</observation_time>
        <observation_time_rfc822>Thu, 05 Nov 2015 08:00:00 -0400</observation_time_rfc822>
	<temperature_string>66.2 F (19.0 C)</temperature_string>
	<temp_f>66.2</temp_f>
	<temp_c>19.0</temp_c>
	<water_temp_f>66.2</water_temp_f>
	<water_temp_c>19.0</water_temp_c>
	<wind_string>East at 1.1 MPH (0.97 KT)</wind_string>
	<wind_dir>East</wind_dir>
	<wind_degrees>80</wind_degrees>
	<wind_mph>1.1</wind_mph>
	<wind_gust_mph>0.0</wind_gust_mph>
	<wind_kt>0.97</wind_kt>
	<pressure_string>1021.2 mb</pressure_string>
	<pressure_mb>1021.2</pressure_mb>
	<pressure_tendency_mb>0.0</pressure_tendency_mb>
	<dewpoint_string>60.3 F (15.7 C)</dewpoint_string>
	<dewpoint_f>60.3</dewpoint_f>
	<dewpoint_c>15.7</dewpoint_c>
	<wave_height_m>0.5</wave_height_m>
	<wave_height_ft>1.64</wave_height_ft>
	<mean_wave_dir>Northeast</mean_wave_dir>
	<mean_wave_degrees></mean_wave_degrees>
	<disclaimer_url>http://weather.gov/disclaimer.html</disclaimer_url>
	<copyright_url>http://weather.gov/disclaimer.html</copyright_url>
	<privacy_policy_url>http://weather.gov/notice.html</privacy_policy_url>
</current_observation>
