<?xml version="1.0" encoding="ISO-8859-1"?> 
<?xml-stylesheet href="latest_ob.xsl" type="text/xsl"?>
<current_observation version="1.0"
	 xmlns:xsd="http://www.w3.org/2001/XMLSchema"
	 xmlns:xsi="http://www.w3.org/2001/XMLSchema-instance"
	 xsi:noNamespaceSchemaLocation="http://www.weather.gov/view/current_observation.xsd">
	<credit>NOAA's National Weather Service</credit>
	<credit_URL>http://weather.gov/</credit_URL>
	<image>
		<url>http://weather.gov/images/xml_logo.gif</url>
		<title>NOAA's National Weather Service</title>
		<link>http://weather.gov</link>
	</image>
	<suggested_pickup>15 minutes after the hour</suggested_pickup>
	<suggested_pickup_period>60</suggested_pickup_period>
	<location>Unknown Station</location>
	<station_id>63105</station_id>
	<observation_time>Last Updated on Sep 18 2018, 12:00 pm ADT</observation_time>
        <observation_time_rfc822>Tue, 18 Sep 2018 12:00:00 -0300</observation_time_rfc822>
	<temperature_string>55.8 F (13.2 C)</temperature_string>
	<temp_f>55.8</temp_f>
	<temp_c>13.2</temp_c>
	<wind_string>Southeast at 18.3 MPH (15.94 KT)</wind_string>
	<wind_dir>Southeast</wind_dir>
	<wind_degrees>150</wind_degrees>
	<wind_mph>18.3</wind_mph>
	<wind_gust_mph>0.0</wind_gust_mph>
	<wind_kt>15.94</wind_kt>
	<pressure_string>990.7 mb</pressure_string>
	<pressure_mb>990.7</pressure_mb>
	<pressure_tendency_mb>-3.0</pressure_tendency_mb>
	<dewpoint_string>54.0 F (12.2 C)</dewpoint_string>
	<dewpoint_f>54.0</dewpoint_f>
	<dewpoint_c>12.2</dewpoint_c>
	<windchill_string>51 F (11 C)</windchill_string>
      	<windchill_f>51</windchill_f>
      	<windchill_c>11</windchill_c>
	<visibility_mi>2.00</visibility_mi>
	<mean_wave_dir>Northeast</mean_wave_dir>
	<mean_wave_degrees></mean_wave_degrees>
	<disclaimer_url>http://weather.gov/disclaimer.html</disclaimer_url>
	<copyright_url>http://weather.gov/disclaimer.html</copyright_url>
	<privacy_policy_url>http://weather.gov/notice.html</privacy_policy_url>
</current_observation>
