<?xml version="1.0" encoding="ISO-8859-1"?> 
<?xml-stylesheet href="latest_ob.xsl" type="text/xsl"?>
<current_observation version="1.0"
	 xmlns:xsd="http://www.w3.org/2001/XMLSchema"
	 xmlns:xsi="http://www.w3.org/2001/XMLSchema-instance"
	 xsi:noNamespaceSchemaLocation="http://www.weather.gov/view/current_observation.xsd">
	<credit>NOAA's National Weather Service</credit>
	<credit_URL>http://weather.gov/</credit_URL>
	<image>
		<url>http://weather.gov/images/xml_logo.gif</url>
		<title>NOAA's National Weather Service</title>
		<link>http://weather.gov</link>
	</image>
	<suggested_pickup>15 minutes after the hour</suggested_pickup>
	<suggested_pickup_period>60</suggested_pickup_period>
	<location>ANM - Anna Maria, FL</location>
	<station_id>ANMF1</station_id>
	<latitude>27.55</latitude>
	<longitude>-82.75</longitude>
	<observation_time>Last Updated on Apr 30 2013, 8:54 am EST</observation_time>
        <observation_time_rfc822>Tue, 30 Apr 2013 08:54:00 -0500</observation_time_rfc822>
	<temperature_string>73.9 F (23.3 C)</temperature_string>
	<temp_f>73.9</temp_f>
	<temp_c>23.3</temp_c>
	<wind_string>Calm</wind_string>
	<wind_dir>North</wind_dir>
	<wind_mph>0.0</wind_mph>
	<wind_gust_mph>0.0</wind_gust_mph>
	<pressure_string>1015.9 mb</pressure_string>
	<pressure_mb>1015.9</pressure_mb>
	<mean_wave_dir>Northeast</mean_wave_dir>
	<mean_wave_degrees></mean_wave_degrees>
	<disclaimer_url>http://weather.gov/disclaimer.html</disclaimer_url>
	<copyright_url>http://weather.gov/disclaimer.html</copyright_url>
	<privacy_policy_url>http://weather.gov/notice.html</privacy_policy_url>
</current_observation>
