<?xml version="1.0" encoding="ISO-8859-1"?> 
<?xml-stylesheet href="latest_ob.xsl" type="text/xsl"?>
<current_observation version="1.0"
	 xmlns:xsd="http://www.w3.org/2001/XMLSchema"
	 xmlns:xsi="http://www.w3.org/2001/XMLSchema-instance"
	 xsi:noNamespaceSchemaLocation="http://www.weather.gov/view/current_observation.xsd">
	<credit>NOAA's National Weather Service</credit>
	<credit_URL>http://weather.gov/</credit_URL>
	<image>
		<url>http://weather.gov/images/xml_logo.gif</url>
		<title>NOAA's National Weather Service</title>
		<link>http://weather.gov</link>
	</image>
	<suggested_pickup>15 minutes after the hour</suggested_pickup>
	<suggested_pickup_period>60</suggested_pickup_period>
	<location>Unknown Station</location>
	<station_id>B150223A</station_id>
	<observation_time>Last Updated on May 18 2018, 12:30 pm ST </observation_time>
        <observation_time_rfc822>Fri, 18 May 2018 12:30:00 +0000</observation_time_rfc822>
	<temperature_string>100.0 F (37.8 C)</temperature_string>
	<temp_f>100.0</temp_f>
	<temp_c>37.8</temp_c>
	<wind_string>from the North at 11.5 gusting to 11.5 MPH (10 gusting to 10 KT)</wind_string>
	<wind_dir>North</wind_dir>
	<wind_degrees>2</wind_degrees>
	<wind_mph>11.5</wind_mph>
	<wind_gust_mph>11.5</wind_gust_mph>
	<wind_kt>10</wind_kt>
	<wind_gust_kt>10</wind_gust_kt>
	<pressure_string>102.1 mb</pressure_string>
	<pressure_mb>102.1</pressure_mb>
	<two_day_history_url>http://www.weather.gov/data/obhistory/B150223A.html</two_day_history_url>
	<ob_url>http://www.weather.gov/data/METAR/B150223A.1.txt</ob_url>
	<disclaimer_url>http://weather.gov/disclaimer.html</disclaimer_url>
	<copyright_url>http://weather.gov/disclaimer.html</copyright_url>
	<privacy_policy_url>http://weather.gov/notice.html</privacy_policy_url>
</current_observation>
