<?xml version="1.0" encoding="ISO-8859-1"?> 
<?xml-stylesheet href="latest_ob.xsl" type="text/xsl"?>
<current_observation version="1.0"
	 xmlns:xsd="http://www.w3.org/2001/XMLSchema"
	 xmlns:xsi="http://www.w3.org/2001/XMLSchema-instance"
	 xsi:noNamespaceSchemaLocation="http://www.weather.gov/view/current_observation.xsd">
	<credit>NOAA's National Weather Service</credit>
	<credit_URL>http://weather.gov/</credit_URL>
	<image>
		<url>http://weather.gov/images/xml_logo.gif</url>
		<title>NOAA's National Weather Service</title>
		<link>http://weather.gov</link>
	</image>
	<suggested_pickup>15 minutes after the hour</suggested_pickup>
	<suggested_pickup_period>60</suggested_pickup_period>
	<location>Unknown Station</location>
	<station_id>CGCL1</station_id>
	<observation_time>Last Updated on May 19 2015, 8:30 pm EDT</observation_time>
        <observation_time_rfc822>Tue, 19 May 2015 20:30:00 -0400</observation_time_rfc822>
	<temperature_string>80.1 F (26.7 C)</temperature_string>
	<temp_f>80.1</temp_f>
	<temp_c>26.7</temp_c>
	<dewpoint_string>68.7 F (20.4 C)</dewpoint_string>
	<dewpoint_f>68.7</dewpoint_f>
	<dewpoint_c>20.4</dewpoint_c>
	<mean_wave_dir>East</mean_wave_dir>
	<mean_wave_degrees></mean_wave_degrees>
	<disclaimer_url>http://weather.gov/disclaimer.html</disclaimer_url>
	<copyright_url>http://weather.gov/disclaimer.html</copyright_url>
	<privacy_policy_url>http://weather.gov/notice.html</privacy_policy_url>
</current_observation>
