<?xml version="1.0" encoding="ISO-8859-1"?> 
<?xml-stylesheet href="latest_ob.xsl" type="text/xsl"?>
<current_observation version="1.0"
	 xmlns:xsd="http://www.w3.org/2001/XMLSchema"
	 xmlns:xsi="http://www.w3.org/2001/XMLSchema-instance"
	 xsi:noNamespaceSchemaLocation="http://www.weather.gov/view/current_observation.xsd">
	<credit>NOAA's National Weather Service</credit>
	<credit_URL>http://weather.gov/</credit_URL>
	<image>
		<url>http://weather.gov/images/xml_logo.gif</url>
		<title>NOAA's National Weather Service</title>
		<link>http://weather.gov</link>
	</image>
	<suggested_pickup>15 minutes after the hour</suggested_pickup>
	<suggested_pickup_period>60</suggested_pickup_period>
	<location>Unknown Station</location>
	<station_id>CNDO1</station_id>
	<observation_time>Last Updated on Sep 18 2018, 12:18 pm ADT</observation_time>
        <observation_time_rfc822>Tue, 18 Sep 2018 12:18:00 -0300</observation_time_rfc822>
	<temperature_string>73.6 F (23.1 C)</temperature_string>
	<temp_f>73.6</temp_f>
	<temp_c>23.1</temp_c>
	<water_temp_f>70.9</water_temp_f>
	<water_temp_c>21.6</water_temp_c>
	<wind_string>West at 4.7 MPH (4.08 KT)</wind_string>
	<wind_dir>West</wind_dir>
	<wind_degrees>250</wind_degrees>
	<wind_mph>4.7</wind_mph>
	<wind_gust_mph>0.0</wind_gust_mph>
	<wind_kt>4.08</wind_kt>
	<pressure_string>1013.0 mb</pressure_string>
	<pressure_mb>1013.0</pressure_mb>
	<dewpoint_string>65.3 F (18.5 C)</dewpoint_string>
	<dewpoint_f>65.3</dewpoint_f>
	<dewpoint_c>18.5</dewpoint_c>
	<mean_wave_dir>Northeast</mean_wave_dir>
	<mean_wave_degrees></mean_wave_degrees>
	<disclaimer_url>http://weather.gov/disclaimer.html</disclaimer_url>
	<copyright_url>http://weather.gov/disclaimer.html</copyright_url>
	<privacy_policy_url>http://weather.gov/notice.html</privacy_policy_url>
</current_observation>
