<?xml version="1.0" encoding="ISO-8859-1"?> 
<?xml-stylesheet href="latest_ob.xsl" type="text/xsl"?>
<current_observation version="1.0"
	 xmlns:xsd="http://www.w3.org/2001/XMLSchema"
	 xmlns:xsi="http://www.w3.org/2001/XMLSchema-instance"
	 xsi:noNamespaceSchemaLocation="http://www.weather.gov/view/current_observation.xsd">
	<credit>NOAA's National Weather Service</credit>
	<credit_URL>http://weather.gov/</credit_URL>
	<image>
		<url>http://weather.gov/images/xml_logo.gif</url>
		<title>NOAA's National Weather Service</title>
		<link>http://weather.gov</link>
	</image>
	<suggested_pickup>15 minutes after the hour</suggested_pickup>
	<suggested_pickup_period>60</suggested_pickup_period>
	<location>Blood Tribe, AB</location>
	<station_id>CPBT</station_id>
	<latitude>49.5667</latitude>
	<longitude>-113.05</longitude>
	<observation_time>Last Updated on Apr 17 2020, 2:00 pm MDT</observation_time>
        <observation_time_rfc822>Fri, 17 Apr 2020 14:00:00 -0600</observation_time_rfc822>
	<weather>Windy</weather>
	<temperature_string>54.0 F (12.3 C)</temperature_string>
	<temp_f>54.0</temp_f>
	<temp_c>12.3</temp_c>
	<relative_humidity>37</relative_humidity>
	<wind_string>West at 27.6 MPH (24 KT)</wind_string>
	<wind_dir>West</wind_dir>
	<wind_degrees>270</wind_degrees>
	<wind_mph>27.6</wind_mph>
	<wind_kt>24</wind_kt>
	<dewpoint_string>28.0 F (-2.2 C)</dewpoint_string>
	<dewpoint_f>28.0</dewpoint_f>
	<dewpoint_c>-2.2</dewpoint_c>
	<windchill_string>48 F (9 C)</windchill_string>
      	<windchill_f>48</windchill_f>
      	<windchill_c>9</windchill_c>
 	<icon_url_base>http://forecast.weather.gov/images/wtf/small/</icon_url_base>
	<two_day_history_url>http://www.weather.gov/data/obhistory/CPBT.html</two_day_history_url>
	<icon_url_name>wind.png</icon_url_name>
	<ob_url>http://www.weather.gov/data/METAR/CPBT.1.txt</ob_url>
	<disclaimer_url>http://weather.gov/disclaimer.html</disclaimer_url>
	<copyright_url>http://weather.gov/disclaimer.html</copyright_url>
	<privacy_policy_url>http://weather.gov/notice.html</privacy_policy_url>
</current_observation>
