<?xml version="1.0" encoding="ISO-8859-1"?> 
<?xml-stylesheet href="latest_ob.xsl" type="text/xsl"?>
<current_observation version="1.0"
	 xmlns:xsd="http://www.w3.org/2001/XMLSchema"
	 xmlns:xsi="http://www.w3.org/2001/XMLSchema-instance"
	 xsi:noNamespaceSchemaLocation="http://www.weather.gov/view/current_observation.xsd">
	<credit>NOAA's National Weather Service</credit>
	<credit_URL>http://weather.gov/</credit_URL>
	<image>
		<url>http://weather.gov/images/xml_logo.gif</url>
		<title>NOAA's National Weather Service</title>
		<link>http://weather.gov</link>
	</image>
	<suggested_pickup>15 minutes after the hour</suggested_pickup>
	<suggested_pickup_period>60</suggested_pickup_period>
	<location>Bow Island, AB</location>
	<station_id>CPXL</station_id>
	<latitude>49.8667</latitude>
	<longitude>-111.3833</longitude>
	<observation_time>Last Updated on Apr 17 2020, 2:00 pm MDT</observation_time>
        <observation_time_rfc822>Fri, 17 Apr 2020 14:00:00 -0600</observation_time_rfc822>
	<temperature_string>61.0 F (16.3 C)</temperature_string>
	<temp_f>61.0</temp_f>
	<temp_c>16.3</temp_c>
	<relative_humidity>24</relative_humidity>
	<wind_string>Northeast at 4.6 MPH (4 KT)</wind_string>
	<wind_dir>Northeast</wind_dir>
	<wind_degrees>30</wind_degrees>
	<wind_mph>4.6</wind_mph>
	<wind_kt>4</wind_kt>
	<dewpoint_string>24.1 F (-4.4 C)</dewpoint_string>
	<dewpoint_f>24.1</dewpoint_f>
	<dewpoint_c>-4.4</dewpoint_c>
	<windchill_string>61 F (16 C)</windchill_string>
      	<windchill_f>61</windchill_f>
      	<windchill_c>16</windchill_c>
	<two_day_history_url>http://www.weather.gov/data/obhistory/CPXL.html</two_day_history_url>
	<ob_url>http://www.weather.gov/data/METAR/CPXL.1.txt</ob_url>
	<disclaimer_url>http://weather.gov/disclaimer.html</disclaimer_url>
	<copyright_url>http://weather.gov/disclaimer.html</copyright_url>
	<privacy_policy_url>http://weather.gov/notice.html</privacy_policy_url>
</current_observation>
