<?xml version="1.0" encoding="ISO-8859-1"?> 
<?xml-stylesheet href="latest_ob.xsl" type="text/xsl"?>
<current_observation version="1.0"
	 xmlns:xsd="http://www.w3.org/2001/XMLSchema"
	 xmlns:xsi="http://www.w3.org/2001/XMLSchema-instance"
	 xsi:noNamespaceSchemaLocation="http://www.weather.gov/view/current_observation.xsd">
	<credit>NOAA's National Weather Service</credit>
	<credit_URL>http://weather.gov/</credit_URL>
	<image>
		<url>http://weather.gov/images/xml_logo.gif</url>
		<title>NOAA's National Weather Service</title>
		<link>http://weather.gov</link>
	</image>
	<suggested_pickup>15 minutes after the hour</suggested_pickup>
	<suggested_pickup_period>60</suggested_pickup_period>
	<location>Longue Point De Mingan, Que., QC</location>
	<station_id>CWBT</station_id>
	<latitude>50.26667</latitude>
	<longitude>-64.23333</longitude>
	<observation_time>Last Updated on Apr 17 2020, 4:00 pm EDT</observation_time>
        <observation_time_rfc822>Fri, 17 Apr 2020 16:00:00 -0400</observation_time_rfc822>
	<temperature_string>32.0 F (-0.1 C)</temperature_string>
	<temp_f>32.0</temp_f>
	<temp_c>-0.1</temp_c>
	<relative_humidity>42</relative_humidity>
	<wind_string>from the West at 11.5 gusting to 20.7 MPH (10 gusting to 18 KT)</wind_string>
	<wind_dir>West</wind_dir>
	<wind_degrees>260</wind_degrees>
	<wind_mph>11.5</wind_mph>
	<wind_gust_mph>20.7</wind_gust_mph>
	<wind_kt>10</wind_kt>
	<wind_gust_kt>18</wind_gust_kt>
	<pressure_string>1005.9 mb</pressure_string>
	<pressure_mb>1005.9</pressure_mb>
	<dewpoint_string>11.1 F (-11.6 C)</dewpoint_string>
	<dewpoint_f>11.1</dewpoint_f>
	<dewpoint_c>-11.6</dewpoint_c>
	<windchill_string>23 F (-5 C)</windchill_string>
      	<windchill_f>23</windchill_f>
      	<windchill_c>-5</windchill_c>
	<two_day_history_url>http://www.weather.gov/data/obhistory/CWBT.html</two_day_history_url>
	<ob_url>http://www.weather.gov/data/METAR/CWBT.1.txt</ob_url>
	<disclaimer_url>http://weather.gov/disclaimer.html</disclaimer_url>
	<copyright_url>http://weather.gov/disclaimer.html</copyright_url>
	<privacy_policy_url>http://weather.gov/notice.html</privacy_policy_url>
</current_observation>
