<?xml version="1.0" encoding="ISO-8859-1"?> 
<?xml-stylesheet href="latest_ob.xsl" type="text/xsl"?>
<current_observation version="1.0"
	 xmlns:xsd="http://www.w3.org/2001/XMLSchema"
	 xmlns:xsi="http://www.w3.org/2001/XMLSchema-instance"
	 xsi:noNamespaceSchemaLocation="http://www.weather.gov/view/current_observation.xsd">
	<credit>NOAA's National Weather Service</credit>
	<credit_URL>http://weather.gov/</credit_URL>
	<image>
		<url>http://weather.gov/images/xml_logo.gif</url>
		<title>NOAA's National Weather Service</title>
		<link>http://weather.gov</link>
	</image>
	<suggested_pickup>15 minutes after the hour</suggested_pickup>
	<suggested_pickup_period>60</suggested_pickup_period>
	<location>Broadview, Sask., SK</location>
	<station_id>CWIK</station_id>
	<latitude>50.38333</latitude>
	<longitude>-102.68333</longitude>
	<observation_time>Last Updated on Apr 17 2020, 2:00 pm CST</observation_time>
        <observation_time_rfc822>Fri, 17 Apr 2020 14:00:00 -0600</observation_time_rfc822>
	<temperature_string>53.0 F (11.4 C)</temperature_string>
	<temp_f>53.0</temp_f>
	<temp_c>11.4</temp_c>
	<relative_humidity>27</relative_humidity>
	<wind_string>from the Southwest at 17.3 gusting to 27.6 MPH (15 gusting to 24 KT)</wind_string>
	<wind_dir>Southwest</wind_dir>
	<wind_degrees>240</wind_degrees>
	<wind_mph>17.3</wind_mph>
	<wind_gust_mph>27.6</wind_gust_mph>
	<wind_kt>15</wind_kt>
	<wind_gust_kt>24</wind_gust_kt>
	<pressure_string>1002.8 mb</pressure_string>
	<pressure_mb>1002.8</pressure_mb>
	<dewpoint_string>19.4 F (-7.0 C)</dewpoint_string>
	<dewpoint_f>19.4</dewpoint_f>
	<dewpoint_c>-7.0</dewpoint_c>
	<windchill_string>48 F (9 C)</windchill_string>
      	<windchill_f>48</windchill_f>
      	<windchill_c>9</windchill_c>
	<two_day_history_url>http://www.weather.gov/data/obhistory/CWIK.html</two_day_history_url>
	<ob_url>http://www.weather.gov/data/METAR/CWIK.1.txt</ob_url>
	<disclaimer_url>http://weather.gov/disclaimer.html</disclaimer_url>
	<copyright_url>http://weather.gov/disclaimer.html</copyright_url>
	<privacy_policy_url>http://weather.gov/notice.html</privacy_policy_url>
</current_observation>
