<?xml version="1.0" encoding="ISO-8859-1"?> 
<?xml-stylesheet href="latest_ob.xsl" type="text/xsl"?>
<current_observation version="1.0"
	 xmlns:xsd="http://www.w3.org/2001/XMLSchema"
	 xmlns:xsi="http://www.w3.org/2001/XMLSchema-instance"
	 xsi:noNamespaceSchemaLocation="http://www.weather.gov/view/current_observation.xsd">
	<credit>NOAA's National Weather Service</credit>
	<credit_URL>http://weather.gov/</credit_URL>
	<image>
		<url>http://weather.gov/images/xml_logo.gif</url>
		<title>NOAA's National Weather Service</title>
		<link>http://weather.gov</link>
	</image>
	<suggested_pickup>15 minutes after the hour</suggested_pickup>
	<suggested_pickup_period>60</suggested_pickup_period>
	<location>Ennadai Lake Meteorological Aeronautical Presentation System, NU</location>
	<station_id>CWJC</station_id>
	<latitude>61.13333</latitude>
	<longitude>-100.9</longitude>
	<observation_time>Last Updated on Apr 17 2020, 3:00 pm CDT</observation_time>
        <observation_time_rfc822>Fri, 17 Apr 2020 15:00:00 -0500</observation_time_rfc822>
	<weather>Breezy</weather>
	<temperature_string>1.0 F (-17.3 C)</temperature_string>
	<temp_f>1.0</temp_f>
	<temp_c>-17.3</temp_c>
	<relative_humidity>71</relative_humidity>
	<wind_string>Northeast at 23.0 MPH (20 KT)</wind_string>
	<wind_dir>Northeast</wind_dir>
	<wind_degrees>40</wind_degrees>
	<wind_mph>23.0</wind_mph>
	<wind_kt>20</wind_kt>
	<pressure_string>1006.5 mb</pressure_string>
	<pressure_mb>1006.5</pressure_mb>
	<dewpoint_string>-6.3 F (-21.3 C)</dewpoint_string>
	<dewpoint_f>-6.3</dewpoint_f>
	<dewpoint_c>-21.3</dewpoint_c>
	<windchill_string>-22 F (-30 C)</windchill_string>
      	<windchill_f>-22</windchill_f>
      	<windchill_c>-30</windchill_c>
 	<icon_url_base>http://forecast.weather.gov/images/wtf/small/</icon_url_base>
	<two_day_history_url>http://www.weather.gov/data/obhistory/CWJC.html</two_day_history_url>
	<icon_url_name>wind.png</icon_url_name>
	<ob_url>http://www.weather.gov/data/METAR/CWJC.1.txt</ob_url>
	<disclaimer_url>http://weather.gov/disclaimer.html</disclaimer_url>
	<copyright_url>http://weather.gov/disclaimer.html</copyright_url>
	<privacy_policy_url>http://weather.gov/notice.html</privacy_policy_url>
</current_observation>
