<?xml version="1.0" encoding="ISO-8859-1"?> 
<?xml-stylesheet href="latest_ob.xsl" type="text/xsl"?>
<current_observation version="1.0"
	 xmlns:xsd="http://www.w3.org/2001/XMLSchema"
	 xmlns:xsi="http://www.w3.org/2001/XMLSchema-instance"
	 xsi:noNamespaceSchemaLocation="http://www.weather.gov/view/current_observation.xsd">
	<credit>NOAA's National Weather Service</credit>
	<credit_URL>http://weather.gov/</credit_URL>
	<image>
		<url>http://weather.gov/images/xml_logo.gif</url>
		<title>NOAA's National Weather Service</title>
		<link>http://weather.gov</link>
	</image>
	<suggested_pickup>15 minutes after the hour</suggested_pickup>
	<suggested_pickup_period>60</suggested_pickup_period>
	<location>Creston Automatic Weather Reporting System, BC</location>
	<station_id>CWJR</station_id>
	<latitude>49.03982</latitude>
	<longitude>-116.48254</longitude>
	<observation_time>Last Updated on Apr 17 2020, 1:00 pm MST</observation_time>
        <observation_time_rfc822>Fri, 17 Apr 2020 13:00:00 -0700</observation_time_rfc822>
	<temperature_string>58.0 F (14.5 C)</temperature_string>
	<temp_f>58.0</temp_f>
	<temp_c>14.5</temp_c>
	<relative_humidity>28</relative_humidity>
	<wind_string>from the South at 8.1 gusting to 17.3 MPH (7 gusting to 15 KT)</wind_string>
	<wind_dir>South</wind_dir>
	<wind_degrees>160</wind_degrees>
	<wind_mph>8.1</wind_mph>
	<wind_gust_mph>17.3</wind_gust_mph>
	<wind_kt>7</wind_kt>
	<wind_gust_kt>15</wind_gust_kt>
	<pressure_string>1012.8 mb</pressure_string>
	<pressure_mb>1012.8</pressure_mb>
	<dewpoint_string>25.3 F (-3.7 C)</dewpoint_string>
	<dewpoint_f>25.3</dewpoint_f>
	<dewpoint_c>-3.7</dewpoint_c>
	<windchill_string>56 F (13 C)</windchill_string>
      	<windchill_f>56</windchill_f>
      	<windchill_c>13</windchill_c>
	<two_day_history_url>http://www.weather.gov/data/obhistory/CWJR.html</two_day_history_url>
	<ob_url>http://www.weather.gov/data/METAR/CWJR.1.txt</ob_url>
	<disclaimer_url>http://weather.gov/disclaimer.html</disclaimer_url>
	<copyright_url>http://weather.gov/disclaimer.html</copyright_url>
	<privacy_policy_url>http://weather.gov/notice.html</privacy_policy_url>
</current_observation>
