<?xml version="1.0" encoding="ISO-8859-1"?> 
<?xml-stylesheet href="latest_ob.xsl" type="text/xsl"?>
<current_observation version="1.0"
	 xmlns:xsd="http://www.w3.org/2001/XMLSchema"
	 xmlns:xsi="http://www.w3.org/2001/XMLSchema-instance"
	 xsi:noNamespaceSchemaLocation="http://www.weather.gov/view/current_observation.xsd">
	<credit>NOAA's National Weather Service</credit>
	<credit_URL>http://weather.gov/</credit_URL>
	<image>
		<url>http://weather.gov/images/xml_logo.gif</url>
		<title>NOAA's National Weather Service</title>
		<link>http://weather.gov</link>
	</image>
	<suggested_pickup>15 minutes after the hour</suggested_pickup>
	<suggested_pickup_period>60</suggested_pickup_period>
	<location>Kejimkujik 1, N. S., NS</location>
	<station_id>CWKG</station_id>
	<latitude>44.43333</latitude>
	<longitude>-65.2</longitude>
	<observation_time>Last Updated on Apr 17 2020, 5:00 pm ADT</observation_time>
        <observation_time_rfc822>Fri, 17 Apr 2020 17:00:00 -0300</observation_time_rfc822>
	<temperature_string>41.0 F (5.2 C)</temperature_string>
	<temp_f>41.0</temp_f>
	<temp_c>5.2</temp_c>
	<relative_humidity>39</relative_humidity>
	<wind_string>from the Northwest at 9.2 gusting to 18.4 MPH (8 gusting to 16 KT)</wind_string>
	<wind_dir>Northwest</wind_dir>
	<wind_degrees>330</wind_degrees>
	<wind_mph>9.2</wind_mph>
	<wind_gust_mph>18.4</wind_gust_mph>
	<wind_kt>8</wind_kt>
	<wind_gust_kt>16</wind_gust_kt>
	<pressure_string>1013.2 mb</pressure_string>
	<pressure_mb>1013.2</pressure_mb>
	<dewpoint_string>18.3 F (-7.6 C)</dewpoint_string>
	<dewpoint_f>18.3</dewpoint_f>
	<dewpoint_c>-7.6</dewpoint_c>
	<windchill_string>35 F (2 C)</windchill_string>
      	<windchill_f>35</windchill_f>
      	<windchill_c>2</windchill_c>
	<two_day_history_url>http://www.weather.gov/data/obhistory/CWKG.html</two_day_history_url>
	<ob_url>http://www.weather.gov/data/METAR/CWKG.1.txt</ob_url>
	<disclaimer_url>http://weather.gov/disclaimer.html</disclaimer_url>
	<copyright_url>http://weather.gov/disclaimer.html</copyright_url>
	<privacy_policy_url>http://weather.gov/notice.html</privacy_policy_url>
</current_observation>
