<?xml version="1.0" encoding="ISO-8859-1"?> 
<?xml-stylesheet href="latest_ob.xsl" type="text/xsl"?>
<current_observation version="1.0"
	 xmlns:xsd="http://www.w3.org/2001/XMLSchema"
	 xmlns:xsi="http://www.w3.org/2001/XMLSchema-instance"
	 xsi:noNamespaceSchemaLocation="http://www.weather.gov/view/current_observation.xsd">
	<credit>NOAA's National Weather Service</credit>
	<credit_URL>http://weather.gov/</credit_URL>
	<image>
		<url>http://weather.gov/images/xml_logo.gif</url>
		<title>NOAA's National Weather Service</title>
		<link>http://weather.gov</link>
	</image>
	<suggested_pickup>15 minutes after the hour</suggested_pickup>
	<suggested_pickup_period>60</suggested_pickup_period>
	<location>Rockglen, Sask., SK</location>
	<station_id>CWKO</station_id>
	<latitude>49.16667</latitude>
	<longitude>-105.98333</longitude>
	<observation_time>Last Updated on Apr 17 2020, 2:00 pm CST</observation_time>
        <observation_time_rfc822>Fri, 17 Apr 2020 14:00:00 -0600</observation_time_rfc822>
	<weather>Breezy</weather>
	<temperature_string>55.0 F (12.7 C)</temperature_string>
	<temp_f>55.0</temp_f>
	<temp_c>12.7</temp_c>
	<relative_humidity>26</relative_humidity>
	<wind_string>from the West at 23.0 gusting to 31.1 MPH (20 gusting to 27 KT)</wind_string>
	<wind_dir>West</wind_dir>
	<wind_degrees>250</wind_degrees>
	<wind_mph>23.0</wind_mph>
	<wind_gust_mph>31.1</wind_gust_mph>
	<wind_kt>20</wind_kt>
	<wind_gust_kt>27</wind_gust_kt>
	<pressure_string>1005.7 mb</pressure_string>
	<pressure_mb>1005.7</pressure_mb>
	<dewpoint_string>20.1 F (-6.6 C)</dewpoint_string>
	<dewpoint_f>20.1</dewpoint_f>
	<dewpoint_c>-6.6</dewpoint_c>
	<windchill_string>50 F (10 C)</windchill_string>
      	<windchill_f>50</windchill_f>
      	<windchill_c>10</windchill_c>
 	<icon_url_base>http://forecast.weather.gov/images/wtf/small/</icon_url_base>
	<two_day_history_url>http://www.weather.gov/data/obhistory/CWKO.html</two_day_history_url>
	<icon_url_name>wind.png</icon_url_name>
	<ob_url>http://www.weather.gov/data/METAR/CWKO.1.txt</ob_url>
	<disclaimer_url>http://weather.gov/disclaimer.html</disclaimer_url>
	<copyright_url>http://weather.gov/disclaimer.html</copyright_url>
	<privacy_policy_url>http://weather.gov/notice.html</privacy_policy_url>
</current_observation>
