<?xml version="1.0" encoding="ISO-8859-1"?> 
<?xml-stylesheet href="latest_ob.xsl" type="text/xsl"?>
<current_observation version="1.0"
	 xmlns:xsd="http://www.w3.org/2001/XMLSchema"
	 xmlns:xsi="http://www.w3.org/2001/XMLSchema-instance"
	 xsi:noNamespaceSchemaLocation="http://www.weather.gov/view/current_observation.xsd">
	<credit>NOAA's National Weather Service</credit>
	<credit_URL>http://weather.gov/</credit_URL>
	<image>
		<url>http://weather.gov/images/xml_logo.gif</url>
		<title>NOAA's National Weather Service</title>
		<link>http://weather.gov</link>
	</image>
	<suggested_pickup>15 minutes after the hour</suggested_pickup>
	<suggested_pickup_period>60</suggested_pickup_period>
	<location>Great Duck Island, ON</location>
	<station_id>CWNL</station_id>
	<latitude>45.63333</latitude>
	<longitude>-82.96667</longitude>
	<observation_time>Last Updated on Apr 17 2020, 4:00 pm EDT</observation_time>
        <observation_time_rfc822>Fri, 17 Apr 2020 16:00:00 -0400</observation_time_rfc822>
	<temperature_string>37.0 F (2.8 C)</temperature_string>
	<temp_f>37.0</temp_f>
	<temp_c>2.8</temp_c>
	<relative_humidity>74</relative_humidity>
	<wind_string>South at 8.1 MPH (7 KT)</wind_string>
	<wind_dir>South</wind_dir>
	<wind_degrees>200</wind_degrees>
	<wind_mph>8.1</wind_mph>
	<wind_kt>7</wind_kt>
	<pressure_string>1014.4 mb</pressure_string>
	<pressure_mb>1014.4</pressure_mb>
	<dewpoint_string>29.5 F (-1.4 C)</dewpoint_string>
	<dewpoint_f>29.5</dewpoint_f>
	<dewpoint_c>-1.4</dewpoint_c>
	<windchill_string>31 F (-1 C)</windchill_string>
      	<windchill_f>31</windchill_f>
      	<windchill_c>-1</windchill_c>
	<two_day_history_url>http://www.weather.gov/data/obhistory/CWNL.html</two_day_history_url>
	<ob_url>http://www.weather.gov/data/METAR/CWNL.1.txt</ob_url>
	<disclaimer_url>http://weather.gov/disclaimer.html</disclaimer_url>
	<copyright_url>http://weather.gov/disclaimer.html</copyright_url>
	<privacy_policy_url>http://weather.gov/notice.html</privacy_policy_url>
</current_observation>
