<?xml version="1.0" encoding="ISO-8859-1"?> 
<?xml-stylesheet href="latest_ob.xsl" type="text/xsl"?>
<current_observation version="1.0"
	 xmlns:xsd="http://www.w3.org/2001/XMLSchema"
	 xmlns:xsi="http://www.w3.org/2001/XMLSchema-instance"
	 xsi:noNamespaceSchemaLocation="http://www.weather.gov/view/current_observation.xsd">
	<credit>NOAA's National Weather Service</credit>
	<credit_URL>http://weather.gov/</credit_URL>
	<image>
		<url>http://weather.gov/images/xml_logo.gif</url>
		<title>NOAA's National Weather Service</title>
		<link>http://weather.gov</link>
	</image>
	<suggested_pickup>15 minutes after the hour</suggested_pickup>
	<suggested_pickup_period>60</suggested_pickup_period>
	<location>Milk River, AB</location>
	<station_id>CWRY</station_id>
	<latitude>49.13333</latitude>
	<longitude>-112.05</longitude>
	<observation_time>Last Updated on Apr 6 2020, 4:00 pm MDT</observation_time>
        <observation_time_rfc822>Mon, 06 Apr 2020 16:00:00 -0600</observation_time_rfc822>
	<temperature_string>38.0 F (3.4 C)</temperature_string>
	<temp_f>38.0</temp_f>
	<temp_c>3.4</temp_c>
	<relative_humidity>50</relative_humidity>
	<wind_string>from the South at 17.3 gusting to 24.2 MPH (15 gusting to 21 KT)</wind_string>
	<wind_dir>South</wind_dir>
	<wind_degrees>190</wind_degrees>
	<wind_mph>17.3</wind_mph>
	<wind_gust_mph>24.2</wind_gust_mph>
	<wind_kt>15</wind_kt>
	<wind_gust_kt>21</wind_gust_kt>
	<dewpoint_string>21.0 F (-6.1 C)</dewpoint_string>
	<dewpoint_f>21.0</dewpoint_f>
	<dewpoint_c>-6.1</dewpoint_c>
	<windchill_string>29 F (-2 C)</windchill_string>
      	<windchill_f>29</windchill_f>
      	<windchill_c>-2</windchill_c>
	<two_day_history_url>http://www.weather.gov/data/obhistory/CWRY.html</two_day_history_url>
	<ob_url>http://www.weather.gov/data/METAR/CWRY.1.txt</ob_url>
	<disclaimer_url>http://weather.gov/disclaimer.html</disclaimer_url>
	<copyright_url>http://weather.gov/disclaimer.html</copyright_url>
	<privacy_policy_url>http://weather.gov/notice.html</privacy_policy_url>
</current_observation>
