<?xml version="1.0" encoding="ISO-8859-1"?> 
<?xml-stylesheet href="latest_ob.xsl" type="text/xsl"?>
<current_observation version="1.0"
	 xmlns:xsd="http://www.w3.org/2001/XMLSchema"
	 xmlns:xsi="http://www.w3.org/2001/XMLSchema-instance"
	 xsi:noNamespaceSchemaLocation="http://www.weather.gov/view/current_observation.xsd">
	<credit>NOAA's National Weather Service</credit>
	<credit_URL>http://weather.gov/</credit_URL>
	<image>
		<url>http://weather.gov/images/xml_logo.gif</url>
		<title>NOAA's National Weather Service</title>
		<link>http://weather.gov</link>
	</image>
	<suggested_pickup>15 minutes after the hour</suggested_pickup>
	<suggested_pickup_period>60</suggested_pickup_period>
	<location>La Baie , Que., QC</location>
	<station_id>CWUX</station_id>
	<latitude>48.3</latitude>
	<longitude>-70.93333</longitude>
	<observation_time>Last Updated on Apr 17 2020, 2:00 pm EDT</observation_time>
        <observation_time_rfc822>Fri, 17 Apr 2020 14:00:00 -0400</observation_time_rfc822>
	<temperature_string>29.0 F (-1.5 C)</temperature_string>
	<temp_f>29.0</temp_f>
	<temp_c>-1.5</temp_c>
	<relative_humidity>47</relative_humidity>
	<wind_string>from the Northwest at 17.3 gusting to 23.0 MPH (15 gusting to 20 KT)</wind_string>
	<wind_dir>Northwest</wind_dir>
	<wind_degrees>300</wind_degrees>
	<wind_mph>17.3</wind_mph>
	<wind_gust_mph>23.0</wind_gust_mph>
	<wind_kt>15</wind_kt>
	<wind_gust_kt>20</wind_gust_kt>
	<pressure_string>1013.5 mb</pressure_string>
	<pressure_mb>1013.5</pressure_mb>
	<dewpoint_string>11.3 F (-11.5 C)</dewpoint_string>
	<dewpoint_f>11.3</dewpoint_f>
	<dewpoint_c>-11.5</dewpoint_c>
	<windchill_string>17 F (-8 C)</windchill_string>
      	<windchill_f>17</windchill_f>
      	<windchill_c>-8</windchill_c>
	<two_day_history_url>http://www.weather.gov/data/obhistory/CWUX.html</two_day_history_url>
	<ob_url>http://www.weather.gov/data/METAR/CWUX.1.txt</ob_url>
	<disclaimer_url>http://weather.gov/disclaimer.html</disclaimer_url>
	<copyright_url>http://weather.gov/disclaimer.html</copyright_url>
	<privacy_policy_url>http://weather.gov/notice.html</privacy_policy_url>
</current_observation>
