<?xml version="1.0" encoding="ISO-8859-1"?> 
<?xml-stylesheet href="latest_ob.xsl" type="text/xsl"?>
<current_observation version="1.0"
	 xmlns:xsd="http://www.w3.org/2001/XMLSchema"
	 xmlns:xsi="http://www.w3.org/2001/XMLSchema-instance"
	 xsi:noNamespaceSchemaLocation="http://www.weather.gov/view/current_observation.xsd">
	<credit>NOAA's National Weather Service</credit>
	<credit_URL>http://weather.gov/</credit_URL>
	<image>
		<url>http://weather.gov/images/xml_logo.gif</url>
		<title>NOAA's National Weather Service</title>
		<link>http://weather.gov</link>
	</image>
	<suggested_pickup>15 minutes after the hour</suggested_pickup>
	<suggested_pickup_period>60</suggested_pickup_period>
	<location>George Island Meteorological Aeronautical Presentation System, MB</location>
	<station_id>CWWS</station_id>
	<latitude>52.8</latitude>
	<longitude>-97.61667</longitude>
	<observation_time>Last Updated on Apr 17 2020, 3:00 pm CDT</observation_time>
        <observation_time_rfc822>Fri, 17 Apr 2020 15:00:00 -0500</observation_time_rfc822>
	<temperature_string>38.0 F (3.6 C)</temperature_string>
	<temp_f>38.0</temp_f>
	<temp_c>3.6</temp_c>
	<relative_humidity>70</relative_humidity>
	<pressure_string>999.3 mb</pressure_string>
	<pressure_mb>999.3</pressure_mb>
	<dewpoint_string>29.5 F (-1.4 C)</dewpoint_string>
	<dewpoint_f>29.5</dewpoint_f>
	<dewpoint_c>-1.4</dewpoint_c>
	<two_day_history_url>http://www.weather.gov/data/obhistory/CWWS.html</two_day_history_url>
	<ob_url>http://www.weather.gov/data/METAR/CWWS.1.txt</ob_url>
	<disclaimer_url>http://weather.gov/disclaimer.html</disclaimer_url>
	<copyright_url>http://weather.gov/disclaimer.html</copyright_url>
	<privacy_policy_url>http://weather.gov/notice.html</privacy_policy_url>
</current_observation>
