<?xml version="1.0" encoding="ISO-8859-1"?> 
<?xml-stylesheet href="latest_ob.xsl" type="text/xsl"?>
<current_observation version="1.0"
	 xmlns:xsd="http://www.w3.org/2001/XMLSchema"
	 xmlns:xsi="http://www.w3.org/2001/XMLSchema-instance"
	 xsi:noNamespaceSchemaLocation="http://www.weather.gov/view/current_observation.xsd">
	<credit>NOAA's National Weather Service</credit>
	<credit_URL>http://weather.gov/</credit_URL>
	<image>
		<url>http://weather.gov/images/xml_logo.gif</url>
		<title>NOAA's National Weather Service</title>
		<link>http://weather.gov</link>
	</image>
	<suggested_pickup>15 minutes after the hour</suggested_pickup>
	<suggested_pickup_period>60</suggested_pickup_period>
	<location>Bow Island, AB</location>
	<station_id>CWXL</station_id>
	<latitude>49.63333</latitude>
	<longitude>-111.45</longitude>
	<observation_time>Last Updated on Apr 17 2020, 2:00 pm MDT</observation_time>
        <observation_time_rfc822>Fri, 17 Apr 2020 14:00:00 -0600</observation_time_rfc822>
	<temperature_string>63.0 F (17.3 C)</temperature_string>
	<temp_f>63.0</temp_f>
	<temp_c>17.3</temp_c>
	<relative_humidity>24</relative_humidity>
	<wind_string>from the Northwest at 10.4 gusting to 20.7 MPH (9 gusting to 18 KT)</wind_string>
	<wind_dir>Northwest</wind_dir>
	<wind_degrees>300</wind_degrees>
	<wind_mph>10.4</wind_mph>
	<wind_gust_mph>20.7</wind_gust_mph>
	<wind_kt>9</wind_kt>
	<wind_gust_kt>18</wind_gust_kt>
	<dewpoint_string>25.3 F (-3.7 C)</dewpoint_string>
	<dewpoint_f>25.3</dewpoint_f>
	<dewpoint_c>-3.7</dewpoint_c>
	<windchill_string>62 F (17 C)</windchill_string>
      	<windchill_f>62</windchill_f>
      	<windchill_c>17</windchill_c>
	<two_day_history_url>http://www.weather.gov/data/obhistory/CWXL.html</two_day_history_url>
	<ob_url>http://www.weather.gov/data/METAR/CWXL.1.txt</ob_url>
	<disclaimer_url>http://weather.gov/disclaimer.html</disclaimer_url>
	<copyright_url>http://weather.gov/disclaimer.html</copyright_url>
	<privacy_policy_url>http://weather.gov/notice.html</privacy_policy_url>
</current_observation>
