<?xml version="1.0" encoding="ISO-8859-1"?> 
<?xml-stylesheet href="latest_ob.xsl" type="text/xsl"?>
<current_observation version="1.0"
	 xmlns:xsd="http://www.w3.org/2001/XMLSchema"
	 xmlns:xsi="http://www.w3.org/2001/XMLSchema-instance"
	 xsi:noNamespaceSchemaLocation="http://www.weather.gov/view/current_observation.xsd">
	<credit>NOAA's National Weather Service</credit>
	<credit_URL>http://weather.gov/</credit_URL>
	<image>
		<url>http://weather.gov/images/xml_logo.gif</url>
		<title>NOAA's National Weather Service</title>
		<link>http://weather.gov</link>
	</image>
	<suggested_pickup>15 minutes after the hour</suggested_pickup>
	<suggested_pickup_period>60</suggested_pickup_period>
	<location>Agassiz Automated Reporting Station, BC</location>
	<station_id>CWZA</station_id>
	<latitude>49.25</latitude>
	<longitude>-121.76667</longitude>
	<observation_time>Last Updated on Apr 17 2020, 1:00 pm PDT</observation_time>
        <observation_time_rfc822>Fri, 17 Apr 2020 13:00:00 -0700</observation_time_rfc822>
	<temperature_string>57.0 F (13.9 C)</temperature_string>
	<temp_f>57.0</temp_f>
	<temp_c>13.9</temp_c>
	<relative_humidity>45</relative_humidity>
	<wind_string>North at 1.2 MPH (1 KT)</wind_string>
	<wind_dir>North</wind_dir>
	<wind_degrees>360</wind_degrees>
	<wind_mph>1.2</wind_mph>
	<wind_kt>1</wind_kt>
	<pressure_string>1014.4 mb</pressure_string>
	<pressure_mb>1014.4</pressure_mb>
	<dewpoint_string>35.8 F (2.1 C)</dewpoint_string>
	<dewpoint_f>35.8</dewpoint_f>
	<dewpoint_c>2.1</dewpoint_c>
	<two_day_history_url>http://www.weather.gov/data/obhistory/CWZA.html</two_day_history_url>
	<ob_url>http://www.weather.gov/data/METAR/CWZA.1.txt</ob_url>
	<disclaimer_url>http://weather.gov/disclaimer.html</disclaimer_url>
	<copyright_url>http://weather.gov/disclaimer.html</copyright_url>
	<privacy_policy_url>http://weather.gov/notice.html</privacy_policy_url>
</current_observation>
