<?xml version="1.0" encoding="ISO-8859-1"?> 
<?xml-stylesheet href="latest_ob.xsl" type="text/xsl"?>
<current_observation version="1.0"
	 xmlns:xsd="http://www.w3.org/2001/XMLSchema"
	 xmlns:xsi="http://www.w3.org/2001/XMLSchema-instance"
	 xsi:noNamespaceSchemaLocation="http://www.weather.gov/view/current_observation.xsd">
	<credit>NOAA's National Weather Service</credit>
	<credit_URL>http://weather.gov/</credit_URL>
	<image>
		<url>http://weather.gov/images/xml_logo.gif</url>
		<title>NOAA's National Weather Service</title>
		<link>http://weather.gov</link>
	</image>
	<suggested_pickup>15 minutes after the hour</suggested_pickup>
	<suggested_pickup_period>60</suggested_pickup_period>
	<location>STETTLER AGDM, AB</location>
	<station_id>CXAK</station_id>
	<latitude>52.35</latitude>
	<longitude>-112.6</longitude>
	<observation_time>Last Updated on Apr 17 2020, 2:00 pm MDT</observation_time>
        <observation_time_rfc822>Fri, 17 Apr 2020 14:00:00 -0600</observation_time_rfc822>
	<temperature_string>46.0 F (8.0 C)</temperature_string>
	<temp_f>46.0</temp_f>
	<temp_c>8.0</temp_c>
	<relative_humidity>86</relative_humidity>
	<wind_string>Northwest at 19.6 MPH (17 KT)</wind_string>
	<wind_dir>Northwest</wind_dir>
	<wind_degrees>310</wind_degrees>
	<wind_mph>19.6</wind_mph>
	<wind_kt>17</wind_kt>
	<dewpoint_string>42.3 F (5.7 C)</dewpoint_string>
	<dewpoint_f>42.3</dewpoint_f>
	<dewpoint_c>5.7</dewpoint_c>
	<windchill_string>38 F (3 C)</windchill_string>
      	<windchill_f>38</windchill_f>
      	<windchill_c>3</windchill_c>
	<two_day_history_url>http://www.weather.gov/data/obhistory/CXAK.html</two_day_history_url>
	<ob_url>http://www.weather.gov/data/METAR/CXAK.1.txt</ob_url>
	<disclaimer_url>http://weather.gov/disclaimer.html</disclaimer_url>
	<copyright_url>http://weather.gov/disclaimer.html</copyright_url>
	<privacy_policy_url>http://weather.gov/notice.html</privacy_policy_url>
</current_observation>
