<?xml version="1.0" encoding="ISO-8859-1"?> 
<?xml-stylesheet href="latest_ob.xsl" type="text/xsl"?>
<current_observation version="1.0"
	 xmlns:xsd="http://www.w3.org/2001/XMLSchema"
	 xmlns:xsi="http://www.w3.org/2001/XMLSchema-instance"
	 xsi:noNamespaceSchemaLocation="http://www.weather.gov/view/current_observation.xsd">
	<credit>NOAA's National Weather Service</credit>
	<credit_URL>http://weather.gov/</credit_URL>
	<image>
		<url>http://weather.gov/images/xml_logo.gif</url>
		<title>NOAA's National Weather Service</title>
		<link>http://weather.gov</link>
	</image>
	<suggested_pickup>15 minutes after the hour</suggested_pickup>
	<suggested_pickup_period>60</suggested_pickup_period>
	<location>Malay Falls , N. S., NS</location>
	<station_id>CXMY</station_id>
	<latitude>44.98333</latitude>
	<longitude>-62.48333</longitude>
	<observation_time>Last Updated on Apr 17 2020, 5:00 pm ADT</observation_time>
        <observation_time_rfc822>Fri, 17 Apr 2020 17:00:00 -0300</observation_time_rfc822>
	<temperature_string>41.0 F (4.8 C)</temperature_string>
	<temp_f>41.0</temp_f>
	<temp_c>4.8</temp_c>
	<relative_humidity>40</relative_humidity>
	<dewpoint_string>18.1 F (-7.7 C)</dewpoint_string>
	<dewpoint_f>18.1</dewpoint_f>
	<dewpoint_c>-7.7</dewpoint_c>
	<two_day_history_url>http://www.weather.gov/data/obhistory/CXMY.html</two_day_history_url>
	<ob_url>http://www.weather.gov/data/METAR/CXMY.1.txt</ob_url>
	<disclaimer_url>http://weather.gov/disclaimer.html</disclaimer_url>
	<copyright_url>http://weather.gov/disclaimer.html</copyright_url>
	<privacy_policy_url>http://weather.gov/notice.html</privacy_policy_url>
</current_observation>
