<?xml version="1.0" encoding="ISO-8859-1"?> 
<?xml-stylesheet href="latest_ob.xsl" type="text/xsl"?>
<current_observation version="1.0"
	 xmlns:xsd="http://www.w3.org/2001/XMLSchema"
	 xmlns:xsi="http://www.w3.org/2001/XMLSchema-instance"
	 xsi:noNamespaceSchemaLocation="http://www.weather.gov/view/current_observation.xsd">
	<credit>NOAA's National Weather Service</credit>
	<credit_URL>http://weather.gov/</credit_URL>
	<image>
		<url>http://weather.gov/images/xml_logo.gif</url>
		<title>NOAA's National Weather Service</title>
		<link>http://weather.gov</link>
	</image>
	<suggested_pickup>15 minutes after the hour</suggested_pickup>
	<suggested_pickup_period>60</suggested_pickup_period>
	<location>Thunder Bay Northern Ontario Portable Emer, ON</location>
	<station_id>CXQT</station_id>
	<latitude>48.4333</latitude>
	<longitude>-89.2167</longitude>
	<observation_time>Last Updated on Jul 9 2019, 5:00 pm ZST </observation_time>
        <observation_time_rfc822>Tue, 09 Jul 2019 17:00:00 +0000</observation_time_rfc822>
	<wind_string>from the South at 1.2 gusting to 25.3 MPH (1 gusting to 22 KT)</wind_string>
	<wind_dir>South</wind_dir>
	<wind_degrees>180</wind_degrees>
	<wind_mph>1.2</wind_mph>
	<wind_gust_mph>25.3</wind_gust_mph>
	<wind_kt>1</wind_kt>
	<wind_gust_kt>22</wind_gust_kt>
	<two_day_history_url>http://www.weather.gov/data/obhistory/CXQT.html</two_day_history_url>
	<ob_url>http://www.weather.gov/data/METAR/CXQT.1.txt</ob_url>
	<disclaimer_url>http://weather.gov/disclaimer.html</disclaimer_url>
	<copyright_url>http://weather.gov/disclaimer.html</copyright_url>
	<privacy_policy_url>http://weather.gov/notice.html</privacy_policy_url>
</current_observation>
