<?xml version="1.0" encoding="ISO-8859-1"?> 
<?xml-stylesheet href="latest_ob.xsl" type="text/xsl"?>
<current_observation version="1.0"
	 xmlns:xsd="http://www.w3.org/2001/XMLSchema"
	 xmlns:xsi="http://www.w3.org/2001/XMLSchema-instance"
	 xsi:noNamespaceSchemaLocation="http://www.weather.gov/view/current_observation.xsd">
	<credit>NOAA's National Weather Service</credit>
	<credit_URL>http://weather.gov/</credit_URL>
	<image>
		<url>http://weather.gov/images/xml_logo.gif</url>
		<title>NOAA's National Weather Service</title>
		<link>http://weather.gov</link>
	</image>
	<suggested_pickup>15 minutes after the hour</suggested_pickup>
	<suggested_pickup_period>60</suggested_pickup_period>
	<location>Goose, Nfld., NF</location>
	<station_id>CYYR</station_id>
	<latitude>53.31667</latitude>
	<longitude>-60.41667</longitude>
	<observation_time>Last Updated on Apr 17 2020, 5:00 pm ADT</observation_time>
        <observation_time_rfc822>Fri, 17 Apr 2020 17:00:00 -0300</observation_time_rfc822>
	<weather>Mostly Cloudy</weather>
	<temperature_string>27.0 F (-3.0 C)</temperature_string>
	<temp_f>27.0</temp_f>
	<temp_c>-3.0</temp_c>
	<relative_humidity>39</relative_humidity>
	<wind_string>West at 16.1 MPH (14 KT)</wind_string>
	<wind_dir>West</wind_dir>
	<wind_degrees>290</wind_degrees>
	<wind_mph>16.1</wind_mph>
	<wind_kt>14</wind_kt>
	<pressure_string>1001.6 mb</pressure_string>
	<pressure_mb>1001.6</pressure_mb>
	<pressure_in>29.57</pressure_in>
	<dewpoint_string>5.0 F (-15.0 C)</dewpoint_string>
	<dewpoint_f>5.0</dewpoint_f>
	<dewpoint_c>-15.0</dewpoint_c>
	<windchill_string>15 F (-9 C)</windchill_string>
      	<windchill_f>15</windchill_f>
      	<windchill_c>-9</windchill_c>
	<visibility_mi>15.00</visibility_mi>
 	<icon_url_base>http://forecast.weather.gov/images/wtf/small/</icon_url_base>
	<two_day_history_url>http://www.weather.gov/data/obhistory/CYYR.html</two_day_history_url>
	<icon_url_name>bkn.png</icon_url_name>
	<ob_url>http://www.weather.gov/data/METAR/CYYR.1.txt</ob_url>
	<disclaimer_url>http://weather.gov/disclaimer.html</disclaimer_url>
	<copyright_url>http://weather.gov/disclaimer.html</copyright_url>
	<privacy_policy_url>http://weather.gov/notice.html</privacy_policy_url>
</current_observation>
