<?xml version="1.0" encoding="ISO-8859-1"?> 
<?xml-stylesheet href="latest_ob.xsl" type="text/xsl"?>
<current_observation version="1.0"
	 xmlns:xsd="http://www.w3.org/2001/XMLSchema"
	 xmlns:xsi="http://www.w3.org/2001/XMLSchema-instance"
	 xsi:noNamespaceSchemaLocation="http://www.weather.gov/view/current_observation.xsd">
	<credit>NOAA's National Weather Service</credit>
	<credit_URL>http://weather.gov/</credit_URL>
	<image>
		<url>http://weather.gov/images/xml_logo.gif</url>
		<title>NOAA's National Weather Service</title>
		<link>http://weather.gov</link>
	</image>
	<suggested_pickup>15 minutes after the hour</suggested_pickup>
	<suggested_pickup_period>60</suggested_pickup_period>
	<location>Unknown Station</location>
	<station_id>GUXA2</station_id>
	<observation_time>Last Updated on Sep 18 2018, 12:32 pm ADT</observation_time>
        <observation_time_rfc822>Tue, 18 Sep 2018 12:32:00 -0300</observation_time_rfc822>
	<temperature_string>28.2 F (-2.1 C)</temperature_string>
	<temp_f>28.2</temp_f>
	<temp_c>-2.1</temp_c>
	<wind_string>West at 5.8 MPH (5.05 KT)</wind_string>
	<wind_dir>West</wind_dir>
	<wind_degrees>270</wind_degrees>
	<wind_mph>5.8</wind_mph>
	<wind_gust_mph>0.0</wind_gust_mph>
	<wind_kt>5.05</wind_kt>
	<pressure_string>1021.4 mb</pressure_string>
	<pressure_mb>1021.4</pressure_mb>
	<dewpoint_string>23.4 F (-4.8 C)</dewpoint_string>
	<dewpoint_f>23.4</dewpoint_f>
	<dewpoint_c>-4.8</dewpoint_c>
	<windchill_string>22 F (-6 C)</windchill_string>
      	<windchill_f>22</windchill_f>
      	<windchill_c>-6</windchill_c>
	<mean_wave_dir>East</mean_wave_dir>
	<mean_wave_degrees></mean_wave_degrees>
	<disclaimer_url>http://weather.gov/disclaimer.html</disclaimer_url>
	<copyright_url>http://weather.gov/disclaimer.html</copyright_url>
	<privacy_policy_url>http://weather.gov/notice.html</privacy_policy_url>
</current_observation>
