<?xml version="1.0" encoding="ISO-8859-1"?> 
<?xml-stylesheet href="latest_ob.xsl" type="text/xsl"?>
<current_observation version="1.0"
	 xmlns:xsd="http://www.w3.org/2001/XMLSchema"
	 xmlns:xsi="http://www.w3.org/2001/XMLSchema-instance"
	 xsi:noNamespaceSchemaLocation="http://www.weather.gov/view/current_observation.xsd">
	<credit>NOAA's National Weather Service</credit>
	<credit_URL>http://weather.gov/</credit_URL>
	<image>
		<url>http://weather.gov/images/xml_logo.gif</url>
		<title>NOAA's National Weather Service</title>
		<link>http://weather.gov</link>
	</image>
	<suggested_pickup>15 minutes after the hour</suggested_pickup>
	<suggested_pickup_period>60</suggested_pickup_period>
	<location>Unknown Station</location>
	<station_id>JAKI2</station_id>
	<observation_time>Last Updated on Sep 18 2018, 11:00 am ADT</observation_time>
        <observation_time_rfc822>Tue, 18 Sep 2018 11:00:00 -0300</observation_time_rfc822>
	<temperature_string>72.0 F (22.2 C)</temperature_string>
	<temp_f>72.0</temp_f>
	<temp_c>22.2</temp_c>
	<wind_string>Northwest at 3.4 MPH (2.92 KT)</wind_string>
	<wind_dir>Northwest</wind_dir>
	<wind_degrees>300</wind_degrees>
	<wind_mph>3.4</wind_mph>
	<wind_gust_mph>0.0</wind_gust_mph>
	<wind_kt>2.92</wind_kt>
	<mean_wave_dir>East</mean_wave_dir>
	<mean_wave_degrees></mean_wave_degrees>
	<disclaimer_url>http://weather.gov/disclaimer.html</disclaimer_url>
	<copyright_url>http://weather.gov/disclaimer.html</copyright_url>
	<privacy_policy_url>http://weather.gov/notice.html</privacy_policy_url>
</current_observation>
