<?xml version="1.0" encoding="ISO-8859-1"?> 
<?xml-stylesheet href="latest_ob.xsl" type="text/xsl"?>
<current_observation version="1.0"
	 xmlns:xsd="http://www.w3.org/2001/XMLSchema"
	 xmlns:xsi="http://www.w3.org/2001/XMLSchema-instance"
	 xsi:noNamespaceSchemaLocation="http://www.weather.gov/view/current_observation.xsd">
	<credit>NOAA's National Weather Service</credit>
	<credit_URL>http://weather.gov/</credit_URL>
	<image>
		<url>http://weather.gov/images/xml_logo.gif</url>
		<title>NOAA's National Weather Service</title>
		<link>http://weather.gov</link>
	</image>
	<suggested_pickup>15 minutes after the hour</suggested_pickup>
	<suggested_pickup_period>60</suggested_pickup_period>
	<location>Unknown Station</location>
	<station_id>JMPN7</station_id>
	<observation_time>Last Updated on Sep 18 2018, 12:12 pm ADT</observation_time>
        <observation_time_rfc822>Tue, 18 Sep 2018 12:12:00 -0300</observation_time_rfc822>
	<temperature_string>81.5 F (27.5 C)</temperature_string>
	<temp_f>81.5</temp_f>
	<temp_c>27.5</temp_c>
	<water_temp_f>81.9</water_temp_f>
	<water_temp_c>27.7</water_temp_c>
	<wind_string>Southwest at 13.9 MPH (12.05 KT)</wind_string>
	<wind_dir>Southwest</wind_dir>
	<wind_degrees>230</wind_degrees>
	<wind_mph>13.9</wind_mph>
	<wind_gust_mph>0.0</wind_gust_mph>
	<wind_kt>12.05</wind_kt>
	<pressure_string>1013.3 mb</pressure_string>
	<pressure_mb>1013.3</pressure_mb>
	<mean_wave_dir>East</mean_wave_dir>
	<mean_wave_degrees></mean_wave_degrees>
	<disclaimer_url>http://weather.gov/disclaimer.html</disclaimer_url>
	<copyright_url>http://weather.gov/disclaimer.html</copyright_url>
	<privacy_policy_url>http://weather.gov/notice.html</privacy_policy_url>
</current_observation>
