<?xml version="1.0" encoding="ISO-8859-1"?> 
<?xml-stylesheet href="latest_ob.xsl" type="text/xsl"?>
<current_observation version="1.0"
	 xmlns:xsd="http://www.w3.org/2001/XMLSchema"
	 xmlns:xsi="http://www.w3.org/2001/XMLSchema-instance"
	 xsi:noNamespaceSchemaLocation="http://www.weather.gov/view/current_observation.xsd">
	<credit>NOAA's National Weather Service</credit>
	<credit_URL>http://weather.gov/</credit_URL>
	<image>
		<url>http://weather.gov/images/xml_logo.gif</url>
		<title>NOAA's National Weather Service</title>
		<link>http://weather.gov</link>
	</image>
	<suggested_pickup>15 minutes after the hour</suggested_pickup>
	<suggested_pickup_period>60</suggested_pickup_period>
	<location>Andover, Aeroflex-Andover Airport, NJ</location>
	<station_id>K12N</station_id>
	<latitude>41.00928</latitude>
	<longitude>-74.73628</longitude>
	<observation_time>Last Updated on Apr 17 2020, 4:54 pm EDT</observation_time>
        <observation_time_rfc822>Fri, 17 Apr 2020 16:54:00 -0400</observation_time_rfc822>
	<temperature_string>39.0 F (3.9 C)</temperature_string>
	<temp_f>39.0</temp_f>
	<temp_c>3.9</temp_c>
	<relative_humidity>73</relative_humidity>
	<wind_string>Variable at 3.5 MPH (3 KT)</wind_string>
	<wind_dir>Variable</wind_dir>
	<wind_degrees>999</wind_degrees>
	<wind_mph>3.5</wind_mph>
	<wind_kt>3</wind_kt>
	<pressure_string>1020.9 mb</pressure_string>
	<pressure_mb>1020.9</pressure_mb>
	<pressure_in>30.12</pressure_in>
	<dewpoint_string>30.9 F (-0.6 C)</dewpoint_string>
	<dewpoint_f>30.9</dewpoint_f>
	<dewpoint_c>-0.6</dewpoint_c>
	<two_day_history_url>http://www.weather.gov/data/obhistory/K12N.html</two_day_history_url>
	<ob_url>http://www.weather.gov/data/METAR/K12N.1.txt</ob_url>
	<disclaimer_url>http://weather.gov/disclaimer.html</disclaimer_url>
	<copyright_url>http://weather.gov/disclaimer.html</copyright_url>
	<privacy_policy_url>http://weather.gov/notice.html</privacy_policy_url>
</current_observation>
