<?xml version="1.0" encoding="ISO-8859-1"?> 
<?xml-stylesheet href="latest_ob.xsl" type="text/xsl"?>
<current_observation version="1.0"
	 xmlns:xsd="http://www.w3.org/2001/XMLSchema"
	 xmlns:xsi="http://www.w3.org/2001/XMLSchema-instance"
	 xsi:noNamespaceSchemaLocation="http://www.weather.gov/view/current_observation.xsd">
	<credit>NOAA's National Weather Service</credit>
	<credit_URL>http://weather.gov/</credit_URL>
	<image>
		<url>http://weather.gov/images/xml_logo.gif</url>
		<title>NOAA's National Weather Service</title>
		<link>http://weather.gov</link>
	</image>
	<suggested_pickup>15 minutes after the hour</suggested_pickup>
	<suggested_pickup_period>60</suggested_pickup_period>
	<location>Quincy Municipal Airport, FL</location>
	<station_id>K2J9</station_id>
	<latitude>30.59787</latitude>
	<longitude>-84.55743</longitude>
	<observation_time>Last Updated on Apr 17 2020, 4:55 pm EDT</observation_time>
        <observation_time_rfc822>Fri, 17 Apr 2020 16:55:00 -0400</observation_time_rfc822>
	<temperature_string>81.0 F (27.0 C)</temperature_string>
	<temp_f>81.0</temp_f>
	<temp_c>27.0</temp_c>
	<relative_humidity>45</relative_humidity>
	<wind_string>South at 4.6 MPH (4 KT)</wind_string>
	<wind_dir>South</wind_dir>
	<wind_degrees>190</wind_degrees>
	<wind_mph>4.6</wind_mph>
	<wind_kt>4</wind_kt>
	<pressure_in>30.10</pressure_in>
	<dewpoint_string>57.2 F (14.0 C)</dewpoint_string>
	<dewpoint_f>57.2</dewpoint_f>
	<dewpoint_c>14.0</dewpoint_c>
	<heat_index_string>81 F (27 C)</heat_index_string>
      	<heat_index_f>81</heat_index_f>
      	<heat_index_c>27</heat_index_c>
	<visibility_mi>10.00</visibility_mi>
	<two_day_history_url>http://www.weather.gov/data/obhistory/K2J9.html</two_day_history_url>
	<ob_url>http://www.weather.gov/data/METAR/K2J9.1.txt</ob_url>
	<disclaimer_url>http://weather.gov/disclaimer.html</disclaimer_url>
	<copyright_url>http://weather.gov/disclaimer.html</copyright_url>
	<privacy_policy_url>http://weather.gov/notice.html</privacy_policy_url>
</current_observation>
