<?xml version="1.0" encoding="ISO-8859-1"?> 
<?xml-stylesheet href="latest_ob.xsl" type="text/xsl"?>
<current_observation version="1.0"
	 xmlns:xsd="http://www.w3.org/2001/XMLSchema"
	 xmlns:xsi="http://www.w3.org/2001/XMLSchema-instance"
	 xsi:noNamespaceSchemaLocation="http://www.weather.gov/view/current_observation.xsd">
	<credit>NOAA's National Weather Service</credit>
	<credit_URL>http://weather.gov/</credit_URL>
	<image>
		<url>http://weather.gov/images/xml_logo.gif</url>
		<title>NOAA's National Weather Service</title>
		<link>http://weather.gov</link>
	</image>
	<suggested_pickup>15 minutes after the hour</suggested_pickup>
	<suggested_pickup_period>60</suggested_pickup_period>
	<location>Buffalo, SD</location>
	<station_id>K2WX</station_id>
	<latitude>45.60444</latitude>
	<longitude>-103.54639</longitude>
	<observation_time>Last Updated on Apr 17 2020, 2:56 pm MDT</observation_time>
        <observation_time_rfc822>Fri, 17 Apr 2020 14:56:00 -0600</observation_time_rfc822>
	<weather>Windy</weather>
	<temperature_string>56.0 F (13.3 C)</temperature_string>
	<temp_f>56.0</temp_f>
	<temp_c>13.3</temp_c>
	<relative_humidity>22</relative_humidity>
	<wind_string>from the Southwest at 27.6 gusting to 36.8 MPH (24 gusting to 32 KT)</wind_string>
	<wind_dir>Southwest</wind_dir>
	<wind_degrees>240</wind_degrees>
	<wind_mph>27.6</wind_mph>
	<wind_gust_mph>36.8</wind_gust_mph>
	<wind_kt>24</wind_kt>
	<wind_gust_kt>32</wind_gust_kt>
	<pressure_string>1010.0 mb</pressure_string>
	<pressure_mb>1010.0</pressure_mb>
	<pressure_in>29.77</pressure_in>
	<dewpoint_string>18.0 F (-7.8 C)</dewpoint_string>
	<dewpoint_f>18.0</dewpoint_f>
	<dewpoint_c>-7.8</dewpoint_c>
	<windchill_string>50 F (10 C)</windchill_string>
      	<windchill_f>50</windchill_f>
      	<windchill_c>10</windchill_c>
 	<icon_url_base>http://forecast.weather.gov/images/wtf/small/</icon_url_base>
	<two_day_history_url>http://www.weather.gov/data/obhistory/K2WX.html</two_day_history_url>
	<icon_url_name>wind.png</icon_url_name>
	<ob_url>http://www.weather.gov/data/METAR/K2WX.1.txt</ob_url>
	<disclaimer_url>http://weather.gov/disclaimer.html</disclaimer_url>
	<copyright_url>http://weather.gov/disclaimer.html</copyright_url>
	<privacy_policy_url>http://weather.gov/notice.html</privacy_policy_url>
</current_observation>
