<?xml version="1.0" encoding="ISO-8859-1"?> 
<?xml-stylesheet href="latest_ob.xsl" type="text/xsl"?>
<current_observation version="1.0"
	 xmlns:xsd="http://www.w3.org/2001/XMLSchema"
	 xmlns:xsi="http://www.w3.org/2001/XMLSchema-instance"
	 xsi:noNamespaceSchemaLocation="http://www.weather.gov/view/current_observation.xsd">
	<credit>NOAA's National Weather Service</credit>
	<credit_URL>http://weather.gov/</credit_URL>
	<image>
		<url>http://weather.gov/images/xml_logo.gif</url>
		<title>NOAA's National Weather Service</title>
		<link>http://weather.gov</link>
	</image>
	<suggested_pickup>15 minutes after the hour</suggested_pickup>
	<suggested_pickup_period>60</suggested_pickup_period>
	<location>Heber City Municipal-Russ McDonald Field Airport, UT</location>
	<station_id>K36U</station_id>
	<latitude>40.47742</latitude>
	<longitude>-111.43295</longitude>
	<observation_time>Last Updated on Oct 11 2017, 6:50 pm MDT</observation_time>
        <observation_time_rfc822>Wed, 11 Oct 2017 18:50:00 -0600</observation_time_rfc822>
	<weather>Fair</weather>
	<temperature_string>63.0 F (17.0 C)</temperature_string>
	<temp_f>63.0</temp_f>
	<temp_c>17.0</temp_c>
	<relative_humidity>16</relative_humidity>
	<wind_string>from the Southwest at 10.4 gusting to 18.4 MPH (9 gusting to 16 KT)</wind_string>
	<wind_dir>Southwest</wind_dir>
	<wind_degrees>210</wind_degrees>
	<wind_mph>10.4</wind_mph>
	<wind_gust_mph>18.4</wind_gust_mph>
	<wind_kt>9</wind_kt>
	<wind_gust_kt>16</wind_gust_kt>
	<pressure_in>29.87</pressure_in>
	<dewpoint_string>15.8 F (-9.0 C)</dewpoint_string>
	<dewpoint_f>15.8</dewpoint_f>
	<dewpoint_c>-9.0</dewpoint_c>
	<windchill_string>62 F (17 C)</windchill_string>
      	<windchill_f>62</windchill_f>
      	<windchill_c>17</windchill_c>
	<visibility_mi>10.00</visibility_mi>
 	<icon_url_base>http://forecast.weather.gov/images/wtf/small/</icon_url_base>
	<two_day_history_url>http://www.weather.gov/data/obhistory/K36U.html</two_day_history_url>
	<icon_url_name>skc.png</icon_url_name>
	<ob_url>http://www.weather.gov/data/METAR/K36U.1.txt</ob_url>
	<disclaimer_url>http://weather.gov/disclaimer.html</disclaimer_url>
	<copyright_url>http://weather.gov/disclaimer.html</copyright_url>
	<privacy_policy_url>http://weather.gov/notice.html</privacy_policy_url>
</current_observation>
