<?xml version="1.0" encoding="ISO-8859-1"?> 
<?xml-stylesheet href="latest_ob.xsl" type="text/xsl"?>
<current_observation version="1.0"
	 xmlns:xsd="http://www.w3.org/2001/XMLSchema"
	 xmlns:xsi="http://www.w3.org/2001/XMLSchema-instance"
	 xsi:noNamespaceSchemaLocation="http://www.weather.gov/view/current_observation.xsd">
	<credit>NOAA's National Weather Service</credit>
	<credit_URL>http://weather.gov/</credit_URL>
	<image>
		<url>http://weather.gov/images/xml_logo.gif</url>
		<title>NOAA's National Weather Service</title>
		<link>http://weather.gov</link>
	</image>
	<suggested_pickup>15 minutes after the hour</suggested_pickup>
	<suggested_pickup_period>60</suggested_pickup_period>
	<location>Greencastle Putnam County, IN</location>
	<station_id>K4I7</station_id>
	<latitude>39.6336</latitude>
	<longitude>-86.8138</longitude>
	<observation_time>Last Updated on Feb 22 2017, 10:15 am EST</observation_time>
        <observation_time_rfc822>Wed, 22 Feb 2017 10:15:00 -0500</observation_time_rfc822>
	<weather>Fog/Mist</weather>
	<temperature_string>55.0 F (13.0 C)</temperature_string>
	<temp_f>55.0</temp_f>
	<temp_c>13.0</temp_c>
	<relative_humidity>100</relative_humidity>
	<wind_string>South at 5.8 MPH (5 KT)</wind_string>
	<wind_dir>South</wind_dir>
	<wind_degrees>190</wind_degrees>
	<wind_mph>5.8</wind_mph>
	<wind_kt>5</wind_kt>
	<pressure_in>29.89</pressure_in>
	<dewpoint_string>55.4 F (13.0 C)</dewpoint_string>
	<dewpoint_f>55.4</dewpoint_f>
	<dewpoint_c>13.0</dewpoint_c>
	<windchill_string>54 F (12 C)</windchill_string>
      	<windchill_f>54</windchill_f>
      	<windchill_c>12</windchill_c>
	<visibility_mi>2.50</visibility_mi>
 	<icon_url_base>http://forecast.weather.gov/images/wtf/small/</icon_url_base>
	<two_day_history_url>http://www.weather.gov/data/obhistory/K4I7.html</two_day_history_url>
	<icon_url_name>fg.png</icon_url_name>
	<ob_url>http://www.weather.gov/data/METAR/K4I7.1.txt</ob_url>
	<disclaimer_url>http://weather.gov/disclaimer.html</disclaimer_url>
	<copyright_url>http://weather.gov/disclaimer.html</copyright_url>
	<privacy_policy_url>http://weather.gov/notice.html</privacy_policy_url>
</current_observation>
