<?xml version="1.0" encoding="ISO-8859-1"?> 
<?xml-stylesheet href="latest_ob.xsl" type="text/xsl"?>
<current_observation version="1.0"
	 xmlns:xsd="http://www.w3.org/2001/XMLSchema"
	 xmlns:xsi="http://www.w3.org/2001/XMLSchema-instance"
	 xsi:noNamespaceSchemaLocation="http://www.weather.gov/view/current_observation.xsd">
	<credit>NOAA's National Weather Service</credit>
	<credit_URL>http://weather.gov/</credit_URL>
	<image>
		<url>http://weather.gov/images/xml_logo.gif</url>
		<title>NOAA's National Weather Service</title>
		<link>http://weather.gov</link>
	</image>
	<suggested_pickup>15 minutes after the hour</suggested_pickup>
	<suggested_pickup_period>60</suggested_pickup_period>
	<location>Albany International Airport, NY</location>
	<station_id>KALB</station_id>
	<latitude>42.74722</latitude>
	<longitude>-73.79912</longitude>
	<observation_time>Last Updated on Apr 17 2020, 4:51 pm EDT</observation_time>
        <observation_time_rfc822>Fri, 17 Apr 2020 16:51:00 -0400</observation_time_rfc822>
	<weather>Overcast</weather>
	<temperature_string>49.0 F (9.4 C)</temperature_string>
	<temp_f>49.0</temp_f>
	<temp_c>9.4</temp_c>
	<relative_humidity>28</relative_humidity>
	<wind_string>West at 6.9 MPH (6 KT)</wind_string>
	<wind_dir>West</wind_dir>
	<wind_degrees>280</wind_degrees>
	<wind_mph>6.9</wind_mph>
	<wind_kt>6</wind_kt>
	<pressure_string>1016.9 mb</pressure_string>
	<pressure_mb>1016.9</pressure_mb>
	<pressure_in>30.02</pressure_in>
	<dewpoint_string>17.1 F (-8.3 C)</dewpoint_string>
	<dewpoint_f>17.1</dewpoint_f>
	<dewpoint_c>-8.3</dewpoint_c>
	<windchill_string>46 F (8 C)</windchill_string>
      	<windchill_f>46</windchill_f>
      	<windchill_c>8</windchill_c>
	<visibility_mi>10.00</visibility_mi>
 	<icon_url_base>http://forecast.weather.gov/images/wtf/small/</icon_url_base>
	<two_day_history_url>http://www.weather.gov/data/obhistory/KALB.html</two_day_history_url>
	<icon_url_name>ovc.png</icon_url_name>
	<ob_url>http://www.weather.gov/data/METAR/KALB.1.txt</ob_url>
	<disclaimer_url>http://weather.gov/disclaimer.html</disclaimer_url>
	<copyright_url>http://weather.gov/disclaimer.html</copyright_url>
	<privacy_policy_url>http://weather.gov/notice.html</privacy_policy_url>
</current_observation>
