<?xml version="1.0" encoding="ISO-8859-1"?> 
<?xml-stylesheet href="latest_ob.xsl" type="text/xsl"?>
<current_observation version="1.0"
	 xmlns:xsd="http://www.w3.org/2001/XMLSchema"
	 xmlns:xsi="http://www.w3.org/2001/XMLSchema-instance"
	 xsi:noNamespaceSchemaLocation="http://www.weather.gov/view/current_observation.xsd">
	<credit>NOAA's National Weather Service</credit>
	<credit_URL>http://weather.gov/</credit_URL>
	<image>
		<url>http://weather.gov/images/xml_logo.gif</url>
		<title>NOAA's National Weather Service</title>
		<link>http://weather.gov</link>
	</image>
	<suggested_pickup>15 minutes after the hour</suggested_pickup>
	<suggested_pickup_period>60</suggested_pickup_period>
	<location>Waterloo, Waterloo Municipal Airport, IA</location>
	<station_id>KALO</station_id>
	<latitude>42.55444</latitude>
	<longitude>-92.40111</longitude>
	<observation_time>Last Updated on Apr 17 2020, 3:54 pm CDT</observation_time>
        <observation_time_rfc822>Fri, 17 Apr 2020 15:54:00 -0500</observation_time_rfc822>
	<weather>Overcast</weather>
	<temperature_string>52.0 F (11.1 C)</temperature_string>
	<temp_f>52.0</temp_f>
	<temp_c>11.1</temp_c>
	<relative_humidity>28</relative_humidity>
	<wind_string>from the West at 17.3 gusting to 25.3 MPH (15 gusting to 22 KT)</wind_string>
	<wind_dir>West</wind_dir>
	<wind_degrees>270</wind_degrees>
	<wind_mph>17.3</wind_mph>
	<wind_gust_mph>25.3</wind_gust_mph>
	<wind_kt>15</wind_kt>
	<wind_gust_kt>22</wind_gust_kt>
	<pressure_string>1016.4 mb</pressure_string>
	<pressure_mb>1016.4</pressure_mb>
	<pressure_in>30.00</pressure_in>
	<dewpoint_string>19.9 F (-6.7 C)</dewpoint_string>
	<dewpoint_f>19.9</dewpoint_f>
	<dewpoint_c>-6.7</dewpoint_c>
	<windchill_string>47 F (8 C)</windchill_string>
      	<windchill_f>47</windchill_f>
      	<windchill_c>8</windchill_c>
	<visibility_mi>10.00</visibility_mi>
 	<icon_url_base>http://forecast.weather.gov/images/wtf/small/</icon_url_base>
	<two_day_history_url>http://www.weather.gov/data/obhistory/KALO.html</two_day_history_url>
	<icon_url_name>ovc.png</icon_url_name>
	<ob_url>http://www.weather.gov/data/METAR/KALO.1.txt</ob_url>
	<disclaimer_url>http://weather.gov/disclaimer.html</disclaimer_url>
	<copyright_url>http://weather.gov/disclaimer.html</copyright_url>
	<privacy_policy_url>http://weather.gov/notice.html</privacy_policy_url>
</current_observation>
