<?xml version="1.0" encoding="ISO-8859-1"?> 
<?xml-stylesheet href="latest_ob.xsl" type="text/xsl"?>
<current_observation version="1.0"
	 xmlns:xsd="http://www.w3.org/2001/XMLSchema"
	 xmlns:xsi="http://www.w3.org/2001/XMLSchema-instance"
	 xsi:noNamespaceSchemaLocation="http://www.weather.gov/view/current_observation.xsd">
	<credit>NOAA's National Weather Service</credit>
	<credit_URL>http://weather.gov/</credit_URL>
	<image>
		<url>http://weather.gov/images/xml_logo.gif</url>
		<title>NOAA's National Weather Service</title>
		<link>http://weather.gov</link>
	</image>
	<suggested_pickup>15 minutes after the hour</suggested_pickup>
	<suggested_pickup_period>60</suggested_pickup_period>
	<location>Harriet Alexander Field Airport, CO</location>
	<station_id>KANK</station_id>
	<latitude>38.53828</latitude>
	<longitude>-106.04864</longitude>
	<observation_time>Last Updated on Apr 17 2020, 2:55 pm MDT</observation_time>
        <observation_time_rfc822>Fri, 17 Apr 2020 14:55:00 -0600</observation_time_rfc822>
	<weather>Fair</weather>
	<temperature_string>58.0 F (14.4 C)</temperature_string>
	<temp_f>58.0</temp_f>
	<temp_c>14.4</temp_c>
	<relative_humidity>9</relative_humidity>
	<wind_string>from the Southwest at 18.4 gusting to 23.0 MPH (16 gusting to 20 KT)</wind_string>
	<wind_dir>Southwest</wind_dir>
	<wind_degrees>240</wind_degrees>
	<wind_mph>18.4</wind_mph>
	<wind_gust_mph>23.0</wind_gust_mph>
	<wind_kt>16</wind_kt>
	<wind_gust_kt>20</wind_gust_kt>
	<pressure_in>30.12</pressure_in>
	<dewpoint_string>-1.3 F (-18.5 C)</dewpoint_string>
	<dewpoint_f>-1.3</dewpoint_f>
	<dewpoint_c>-18.5</dewpoint_c>
	<windchill_string>54 F (12 C)</windchill_string>
      	<windchill_f>54</windchill_f>
      	<windchill_c>12</windchill_c>
	<visibility_mi>10.00</visibility_mi>
 	<icon_url_base>http://forecast.weather.gov/images/wtf/small/</icon_url_base>
	<two_day_history_url>http://www.weather.gov/data/obhistory/KANK.html</two_day_history_url>
	<icon_url_name>skc.png</icon_url_name>
	<ob_url>http://www.weather.gov/data/METAR/KANK.1.txt</ob_url>
	<disclaimer_url>http://weather.gov/disclaimer.html</disclaimer_url>
	<copyright_url>http://weather.gov/disclaimer.html</copyright_url>
	<privacy_policy_url>http://weather.gov/notice.html</privacy_policy_url>
</current_observation>
