<?xml version="1.0" encoding="ISO-8859-1"?> 
<?xml-stylesheet href="latest_ob.xsl" type="text/xsl"?>
<current_observation version="1.0"
	 xmlns:xsd="http://www.w3.org/2001/XMLSchema"
	 xmlns:xsi="http://www.w3.org/2001/XMLSchema-instance"
	 xsi:noNamespaceSchemaLocation="http://www.weather.gov/view/current_observation.xsd">
	<credit>NOAA's National Weather Service</credit>
	<credit_URL>http://weather.gov/</credit_URL>
	<image>
		<url>http://weather.gov/images/xml_logo.gif</url>
		<title>NOAA's National Weather Service</title>
		<link>http://weather.gov</link>
	</image>
	<suggested_pickup>15 minutes after the hour</suggested_pickup>
	<suggested_pickup_period>60</suggested_pickup_period>
	<location>Windsor Locks, Bradley International Airport, CT</location>
	<station_id>KBDL</station_id>
	<latitude>41.93806</latitude>
	<longitude>-72.6825</longitude>
	<observation_time>Last Updated on Apr 17 2020, 4:51 pm EDT</observation_time>
        <observation_time_rfc822>Fri, 17 Apr 2020 16:51:00 -0400</observation_time_rfc822>
	<weather>Overcast</weather>
	<temperature_string>49.0 F (9.4 C)</temperature_string>
	<temp_f>49.0</temp_f>
	<temp_c>9.4</temp_c>
	<relative_humidity>27</relative_humidity>
	<wind_string>from the West at 18.4 gusting to 24.2 MPH (16 gusting to 21 KT)</wind_string>
	<wind_dir>West</wind_dir>
	<wind_degrees>260</wind_degrees>
	<wind_mph>18.4</wind_mph>
	<wind_gust_mph>24.2</wind_gust_mph>
	<wind_kt>16</wind_kt>
	<wind_gust_kt>21</wind_gust_kt>
	<pressure_string>1017.6 mb</pressure_string>
	<pressure_mb>1017.6</pressure_mb>
	<pressure_in>30.04</pressure_in>
	<dewpoint_string>16.0 F (-8.9 C)</dewpoint_string>
	<dewpoint_f>16.0</dewpoint_f>
	<dewpoint_c>-8.9</dewpoint_c>
	<windchill_string>43 F (6 C)</windchill_string>
      	<windchill_f>43</windchill_f>
      	<windchill_c>6</windchill_c>
	<visibility_mi>10.00</visibility_mi>
 	<icon_url_base>http://forecast.weather.gov/images/wtf/small/</icon_url_base>
	<two_day_history_url>http://www.weather.gov/data/obhistory/KBDL.html</two_day_history_url>
	<icon_url_name>ovc.png</icon_url_name>
	<ob_url>http://www.weather.gov/data/METAR/KBDL.1.txt</ob_url>
	<disclaimer_url>http://weather.gov/disclaimer.html</disclaimer_url>
	<copyright_url>http://weather.gov/disclaimer.html</copyright_url>
	<privacy_policy_url>http://weather.gov/notice.html</privacy_policy_url>
</current_observation>
