<?xml version="1.0" encoding="ISO-8859-1"?> 
<?xml-stylesheet href="latest_ob.xsl" type="text/xsl"?>
<current_observation version="1.0"
	 xmlns:xsd="http://www.w3.org/2001/XMLSchema"
	 xmlns:xsi="http://www.w3.org/2001/XMLSchema-instance"
	 xsi:noNamespaceSchemaLocation="http://www.weather.gov/view/current_observation.xsd">
	<credit>NOAA's National Weather Service</credit>
	<credit_URL>http://weather.gov/</credit_URL>
	<image>
		<url>http://weather.gov/images/xml_logo.gif</url>
		<title>NOAA's National Weather Service</title>
		<link>http://weather.gov</link>
	</image>
	<suggested_pickup>15 minutes after the hour</suggested_pickup>
	<suggested_pickup_period>60</suggested_pickup_period>
	<location>Bluefield, Mercer County Airport, WV</location>
	<station_id>KBLF</station_id>
	<latitude>37.29583</latitude>
	<longitude>-81.20778</longitude>
	<observation_time>Last Updated on Apr 17 2020, 4:52 pm EDT</observation_time>
        <observation_time_rfc822>Fri, 17 Apr 2020 16:52:00 -0400</observation_time_rfc822>
	<weather>Mostly Cloudy</weather>
	<temperature_string>64.0 F (17.8 C)</temperature_string>
	<temp_f>64.0</temp_f>
	<temp_c>17.8</temp_c>
	<relative_humidity>23</relative_humidity>
	<wind_string>from the Southwest at 15.0 gusting to 29.9 MPH (13 gusting to 26 KT)</wind_string>
	<wind_dir>Southwest</wind_dir>
	<wind_degrees>220</wind_degrees>
	<wind_mph>15.0</wind_mph>
	<wind_gust_mph>29.9</wind_gust_mph>
	<wind_kt>13</wind_kt>
	<wind_gust_kt>26</wind_gust_kt>
	<pressure_string>1013.2 mb</pressure_string>
	<pressure_mb>1013.2</pressure_mb>
	<pressure_in>29.96</pressure_in>
	<dewpoint_string>25.0 F (-3.9 C)</dewpoint_string>
	<dewpoint_f>25.0</dewpoint_f>
	<dewpoint_c>-3.9</dewpoint_c>
	<visibility_mi>10.00</visibility_mi>
 	<icon_url_base>http://forecast.weather.gov/images/wtf/small/</icon_url_base>
	<two_day_history_url>http://www.weather.gov/data/obhistory/KBLF.html</two_day_history_url>
	<icon_url_name>bkn.png</icon_url_name>
	<ob_url>http://www.weather.gov/data/METAR/KBLF.1.txt</ob_url>
	<disclaimer_url>http://weather.gov/disclaimer.html</disclaimer_url>
	<copyright_url>http://weather.gov/disclaimer.html</copyright_url>
	<privacy_policy_url>http://weather.gov/notice.html</privacy_policy_url>
</current_observation>
