<?xml version="1.0" encoding="ISO-8859-1"?> 
<?xml-stylesheet href="latest_ob.xsl" type="text/xsl"?>
<current_observation version="1.0"
	 xmlns:xsd="http://www.w3.org/2001/XMLSchema"
	 xmlns:xsi="http://www.w3.org/2001/XMLSchema-instance"
	 xsi:noNamespaceSchemaLocation="http://www.weather.gov/view/current_observation.xsd">
	<credit>NOAA's National Weather Service</credit>
	<credit_URL>http://weather.gov/</credit_URL>
	<image>
		<url>http://weather.gov/images/xml_logo.gif</url>
		<title>NOAA's National Weather Service</title>
		<link>http://weather.gov</link>
	</image>
	<suggested_pickup>15 minutes after the hour</suggested_pickup>
	<suggested_pickup_period>60</suggested_pickup_period>
	<location>Cody, WY</location>
	<station_id>KCOD</station_id>
	<latitude>44.51667</latitude>
	<longitude>-109.01667</longitude>
	<observation_time>Last Updated on Apr 17 2020, 2:56 pm MDT</observation_time>
        <observation_time_rfc822>Fri, 17 Apr 2020 14:56:00 -0600</observation_time_rfc822>
	<weather>Fair</weather>
	<temperature_string>54.0 F (12.2 C)</temperature_string>
	<temp_f>54.0</temp_f>
	<temp_c>12.2</temp_c>
	<relative_humidity>15</relative_humidity>
	<wind_string>from the West at 17.3 gusting to 24.2 MPH (15 gusting to 21 KT)</wind_string>
	<wind_dir>West</wind_dir>
	<wind_degrees>260</wind_degrees>
	<wind_mph>17.3</wind_mph>
	<wind_gust_mph>24.2</wind_gust_mph>
	<wind_kt>15</wind_kt>
	<wind_gust_kt>21</wind_gust_kt>
	<pressure_string>1014.1 mb</pressure_string>
	<pressure_mb>1014.1</pressure_mb>
	<pressure_in>29.89</pressure_in>
	<dewpoint_string>7.0 F (-13.9 C)</dewpoint_string>
	<dewpoint_f>7.0</dewpoint_f>
	<dewpoint_c>-13.9</dewpoint_c>
	<windchill_string>49 F (9 C)</windchill_string>
      	<windchill_f>49</windchill_f>
      	<windchill_c>9</windchill_c>
	<visibility_mi>10.00</visibility_mi>
 	<icon_url_base>http://forecast.weather.gov/images/wtf/small/</icon_url_base>
	<two_day_history_url>http://www.weather.gov/data/obhistory/KCOD.html</two_day_history_url>
	<icon_url_name>skc.png</icon_url_name>
	<ob_url>http://www.weather.gov/data/METAR/KCOD.1.txt</ob_url>
	<disclaimer_url>http://weather.gov/disclaimer.html</disclaimer_url>
	<copyright_url>http://weather.gov/disclaimer.html</copyright_url>
	<privacy_policy_url>http://weather.gov/notice.html</privacy_policy_url>
</current_observation>
