<?xml version="1.0" encoding="ISO-8859-1"?> 
<?xml-stylesheet href="latest_ob.xsl" type="text/xsl"?>
<current_observation version="1.0"
	 xmlns:xsd="http://www.w3.org/2001/XMLSchema"
	 xmlns:xsi="http://www.w3.org/2001/XMLSchema-instance"
	 xsi:noNamespaceSchemaLocation="http://www.weather.gov/view/current_observation.xsd">
	<credit>NOAA's National Weather Service</credit>
	<credit_URL>http://weather.gov/</credit_URL>
	<image>
		<url>http://weather.gov/images/xml_logo.gif</url>
		<title>NOAA's National Weather Service</title>
		<link>http://weather.gov</link>
	</image>
	<suggested_pickup>15 minutes after the hour</suggested_pickup>
	<suggested_pickup_period>60</suggested_pickup_period>
	<location>Chase City Municipal Airport, VA</location>
	<station_id>KCXE</station_id>
	<latitude>36.7883</latitude>
	<longitude>-78.5016</longitude>
	<observation_time>Last Updated on Apr 17 2020, 4:55 pm EDT</observation_time>
        <observation_time_rfc822>Fri, 17 Apr 2020 16:55:00 -0400</observation_time_rfc822>
	<weather>Partly Cloudy</weather>
	<temperature_string>71.0 F (21.6 C)</temperature_string>
	<temp_f>71.0</temp_f>
	<temp_c>21.6</temp_c>
	<relative_humidity>27</relative_humidity>
	<wind_string>from the South at 6.9 gusting to 16.1 MPH (6 gusting to 14 KT)</wind_string>
	<wind_dir>South</wind_dir>
	<wind_degrees>170</wind_degrees>
	<wind_mph>6.9</wind_mph>
	<wind_gust_mph>16.1</wind_gust_mph>
	<wind_kt>6</wind_kt>
	<wind_gust_kt>14</wind_gust_kt>
	<pressure_in>30.02</pressure_in>
	<dewpoint_string>34.7 F (1.5 C)</dewpoint_string>
	<dewpoint_f>34.7</dewpoint_f>
	<dewpoint_c>1.5</dewpoint_c>
	<visibility_mi>10.00</visibility_mi>
 	<icon_url_base>http://forecast.weather.gov/images/wtf/small/</icon_url_base>
	<two_day_history_url>http://www.weather.gov/data/obhistory/KCXE.html</two_day_history_url>
	<icon_url_name>sct.png</icon_url_name>
	<ob_url>http://www.weather.gov/data/METAR/KCXE.1.txt</ob_url>
	<disclaimer_url>http://weather.gov/disclaimer.html</disclaimer_url>
	<copyright_url>http://weather.gov/disclaimer.html</copyright_url>
	<privacy_policy_url>http://weather.gov/notice.html</privacy_policy_url>
</current_observation>
