<?xml version="1.0" encoding="ISO-8859-1"?> 
<?xml-stylesheet href="latest_ob.xsl" type="text/xsl"?>
<current_observation version="1.0"
	 xmlns:xsd="http://www.w3.org/2001/XMLSchema"
	 xmlns:xsi="http://www.w3.org/2001/XMLSchema-instance"
	 xsi:noNamespaceSchemaLocation="http://www.weather.gov/view/current_observation.xsd">
	<credit>NOAA's National Weather Service</credit>
	<credit_URL>http://weather.gov/</credit_URL>
	<image>
		<url>http://weather.gov/images/xml_logo.gif</url>
		<title>NOAA's National Weather Service</title>
		<link>http://weather.gov</link>
	</image>
	<suggested_pickup>15 minutes after the hour</suggested_pickup>
	<suggested_pickup_period>60</suggested_pickup_period>
	<location>Horseshoe Bay Resort Airpark, TX</location>
	<station_id>KDZB</station_id>
	<latitude>30.5271</latitude>
	<longitude>-98.3588</longitude>
	<observation_time>Last Updated on Apr 17 2020, 3:39 pm CDT</observation_time>
        <observation_time_rfc822>Fri, 17 Apr 2020 15:39:00 -0500</observation_time_rfc822>
	<weather>Overcast</weather>
	<temperature_string>55.0 F (13.0 C)</temperature_string>
	<temp_f>55.0</temp_f>
	<temp_c>13.0</temp_c>
	<relative_humidity>94</relative_humidity>
	<wind_string>from the Northwest at 12.7 gusting to 17.3 MPH (11 gusting to 15 KT)</wind_string>
	<wind_dir>Northwest</wind_dir>
	<wind_degrees>330</wind_degrees>
	<wind_mph>12.7</wind_mph>
	<wind_gust_mph>17.3</wind_gust_mph>
	<wind_kt>11</wind_kt>
	<wind_gust_kt>15</wind_gust_kt>
	<pressure_in>30.09</pressure_in>
	<dewpoint_string>53.6 F (12.0 C)</dewpoint_string>
	<dewpoint_f>53.6</dewpoint_f>
	<dewpoint_c>12.0</dewpoint_c>
	<windchill_string>52 F (11 C)</windchill_string>
      	<windchill_f>52</windchill_f>
      	<windchill_c>11</windchill_c>
	<visibility_mi>10.00</visibility_mi>
 	<icon_url_base>http://forecast.weather.gov/images/wtf/small/</icon_url_base>
	<two_day_history_url>http://www.weather.gov/data/obhistory/KDZB.html</two_day_history_url>
	<icon_url_name>ovc.png</icon_url_name>
	<ob_url>http://www.weather.gov/data/METAR/KDZB.1.txt</ob_url>
	<disclaimer_url>http://weather.gov/disclaimer.html</disclaimer_url>
	<copyright_url>http://weather.gov/disclaimer.html</copyright_url>
	<privacy_policy_url>http://weather.gov/notice.html</privacy_policy_url>
</current_observation>
