<?xml version="1.0" encoding="ISO-8859-1"?> 
<?xml-stylesheet href="latest_ob.xsl" type="text/xsl"?>
<current_observation version="1.0"
	 xmlns:xsd="http://www.w3.org/2001/XMLSchema"
	 xmlns:xsi="http://www.w3.org/2001/XMLSchema-instance"
	 xsi:noNamespaceSchemaLocation="http://www.weather.gov/view/current_observation.xsd">
	<credit>NOAA's National Weather Service</credit>
	<credit_URL>http://weather.gov/</credit_URL>
	<image>
		<url>http://weather.gov/images/xml_logo.gif</url>
		<title>NOAA's National Weather Service</title>
		<link>http://weather.gov</link>
	</image>
	<suggested_pickup>15 minutes after the hour</suggested_pickup>
	<suggested_pickup_period>60</suggested_pickup_period>
	<location>E CAMERON278 OIL PLATFORM, LA</location>
	<station_id>KEHC</station_id>
	<latitude>28.43</latitude>
	<longitude>-92.88</longitude>
	<observation_time>Last Updated on Sep 19 2018, 12:20 pm CDT</observation_time>
        <observation_time_rfc822>Wed, 19 Sep 2018 12:20:00 -0500</observation_time_rfc822>
	<weather>Fair</weather>
	<temperature_string>86.0 F (30.0 C)</temperature_string>
	<temp_f>86.0</temp_f>
	<temp_c>30.0</temp_c>
	<relative_humidity>66</relative_humidity>
	<wind_string>Northeast at 6.9 MPH (6 KT)</wind_string>
	<wind_dir>Northeast</wind_dir>
	<wind_degrees>50</wind_degrees>
	<wind_mph>6.9</wind_mph>
	<wind_kt>6</wind_kt>
	<pressure_in>29.99</pressure_in>
	<dewpoint_string>73.4 F (23.0 C)</dewpoint_string>
	<dewpoint_f>73.4</dewpoint_f>
	<dewpoint_c>23.0</dewpoint_c>
	<heat_index_string>93 F (34 C)</heat_index_string>
      	<heat_index_f>93</heat_index_f>
      	<heat_index_c>34</heat_index_c>
	<visibility_mi>10.00</visibility_mi>
 	<icon_url_base>http://forecast.weather.gov/images/wtf/small/</icon_url_base>
	<two_day_history_url>http://www.weather.gov/data/obhistory/KEHC.html</two_day_history_url>
	<icon_url_name>skc.png</icon_url_name>
	<ob_url>http://www.weather.gov/data/METAR/KEHC.1.txt</ob_url>
	<disclaimer_url>http://weather.gov/disclaimer.html</disclaimer_url>
	<copyright_url>http://weather.gov/disclaimer.html</copyright_url>
	<privacy_policy_url>http://weather.gov/notice.html</privacy_policy_url>
</current_observation>
