<?xml version="1.0" encoding="ISO-8859-1"?> 
<?xml-stylesheet href="latest_ob.xsl" type="text/xsl"?>
<current_observation version="1.0"
	 xmlns:xsd="http://www.w3.org/2001/XMLSchema"
	 xmlns:xsi="http://www.w3.org/2001/XMLSchema-instance"
	 xsi:noNamespaceSchemaLocation="http://www.weather.gov/view/current_observation.xsd">
	<credit>NOAA's National Weather Service</credit>
	<credit_URL>http://weather.gov/</credit_URL>
	<image>
		<url>http://weather.gov/images/xml_logo.gif</url>
		<title>NOAA's National Weather Service</title>
		<link>http://weather.gov</link>
	</image>
	<suggested_pickup>15 minutes after the hour</suggested_pickup>
	<suggested_pickup_period>60</suggested_pickup_period>
	<location>Emporia, Emporia Municipal Airport, KS</location>
	<station_id>KEMP</station_id>
	<latitude>38.32889</latitude>
	<longitude>-96.19389</longitude>
	<observation_time>Last Updated on Apr 17 2020, 3:53 pm CDT</observation_time>
        <observation_time_rfc822>Fri, 17 Apr 2020 15:53:00 -0500</observation_time_rfc822>
	<weather>Overcast</weather>
	<temperature_string>44.0 F (6.7 C)</temperature_string>
	<temp_f>44.0</temp_f>
	<temp_c>6.7</temp_c>
	<relative_humidity>65</relative_humidity>
	<wind_string>North at 10.4 MPH (9 KT)</wind_string>
	<wind_dir>North</wind_dir>
	<wind_degrees>340</wind_degrees>
	<wind_mph>10.4</wind_mph>
	<wind_kt>9</wind_kt>
	<pressure_string>1022.7 mb</pressure_string>
	<pressure_mb>1022.7</pressure_mb>
	<pressure_in>30.17</pressure_in>
	<dewpoint_string>33.1 F (0.6 C)</dewpoint_string>
	<dewpoint_f>33.1</dewpoint_f>
	<dewpoint_c>0.6</dewpoint_c>
	<windchill_string>38 F (3 C)</windchill_string>
      	<windchill_f>38</windchill_f>
      	<windchill_c>3</windchill_c>
	<visibility_mi>10.00</visibility_mi>
 	<icon_url_base>http://forecast.weather.gov/images/wtf/small/</icon_url_base>
	<two_day_history_url>http://www.weather.gov/data/obhistory/KEMP.html</two_day_history_url>
	<icon_url_name>ovc.png</icon_url_name>
	<ob_url>http://www.weather.gov/data/METAR/KEMP.1.txt</ob_url>
	<disclaimer_url>http://weather.gov/disclaimer.html</disclaimer_url>
	<copyright_url>http://weather.gov/disclaimer.html</copyright_url>
	<privacy_policy_url>http://weather.gov/notice.html</privacy_policy_url>
</current_observation>
