<?xml version="1.0" encoding="ISO-8859-1"?> 
<?xml-stylesheet href="latest_ob.xsl" type="text/xsl"?>
<current_observation version="1.0"
	 xmlns:xsd="http://www.w3.org/2001/XMLSchema"
	 xmlns:xsi="http://www.w3.org/2001/XMLSchema-instance"
	 xsi:noNamespaceSchemaLocation="http://www.weather.gov/view/current_observation.xsd">
	<credit>NOAA's National Weather Service</credit>
	<credit_URL>http://weather.gov/</credit_URL>
	<image>
		<url>http://weather.gov/images/xml_logo.gif</url>
		<title>NOAA's National Weather Service</title>
		<link>http://weather.gov</link>
	</image>
	<suggested_pickup>15 minutes after the hour</suggested_pickup>
	<suggested_pickup_period>60</suggested_pickup_period>
	<location>Estherville, Estherville Municipal Airport, IA</location>
	<station_id>KEST</station_id>
	<latitude>43.40111</latitude>
	<longitude>-94.74722</longitude>
	<observation_time>Last Updated on Apr 17 2020, 3:52 pm CDT</observation_time>
        <observation_time_rfc822>Fri, 17 Apr 2020 15:52:00 -0500</observation_time_rfc822>
	<weather>Overcast</weather>
	<temperature_string>46.0 F (7.8 C)</temperature_string>
	<temp_f>46.0</temp_f>
	<temp_c>7.8</temp_c>
	<relative_humidity>42</relative_humidity>
	<wind_string>from the West at 16.1 gusting to 24.2 MPH (14 gusting to 21 KT)</wind_string>
	<wind_dir>West</wind_dir>
	<wind_degrees>290</wind_degrees>
	<wind_mph>16.1</wind_mph>
	<wind_gust_mph>24.2</wind_gust_mph>
	<wind_kt>14</wind_kt>
	<wind_gust_kt>21</wind_gust_kt>
	<pressure_string>1016.5 mb</pressure_string>
	<pressure_mb>1016.5</pressure_mb>
	<pressure_in>29.99</pressure_in>
	<dewpoint_string>24.1 F (-4.4 C)</dewpoint_string>
	<dewpoint_f>24.1</dewpoint_f>
	<dewpoint_c>-4.4</dewpoint_c>
	<windchill_string>39 F (4 C)</windchill_string>
      	<windchill_f>39</windchill_f>
      	<windchill_c>4</windchill_c>
	<visibility_mi>10.00</visibility_mi>
 	<icon_url_base>http://forecast.weather.gov/images/wtf/small/</icon_url_base>
	<two_day_history_url>http://www.weather.gov/data/obhistory/KEST.html</two_day_history_url>
	<icon_url_name>ovc.png</icon_url_name>
	<ob_url>http://www.weather.gov/data/METAR/KEST.1.txt</ob_url>
	<disclaimer_url>http://weather.gov/disclaimer.html</disclaimer_url>
	<copyright_url>http://weather.gov/disclaimer.html</copyright_url>
	<privacy_policy_url>http://weather.gov/notice.html</privacy_policy_url>
</current_observation>
