<?xml version="1.0" encoding="ISO-8859-1"?> 
<?xml-stylesheet href="latest_ob.xsl" type="text/xsl"?>
<current_observation version="1.0"
	 xmlns:xsd="http://www.w3.org/2001/XMLSchema"
	 xmlns:xsi="http://www.w3.org/2001/XMLSchema-instance"
	 xsi:noNamespaceSchemaLocation="http://www.weather.gov/view/current_observation.xsd">
	<credit>NOAA's National Weather Service</credit>
	<credit_URL>http://weather.gov/</credit_URL>
	<image>
		<url>http://weather.gov/images/xml_logo.gif</url>
		<title>NOAA's National Weather Service</title>
		<link>http://weather.gov</link>
	</image>
	<suggested_pickup>15 minutes after the hour</suggested_pickup>
	<suggested_pickup_period>60</suggested_pickup_period>
	<location>Mesa / Falcon Field, AZ</location>
	<station_id>KFFZ</station_id>
	<latitude>33.46667</latitude>
	<longitude>-111.73333</longitude>
	<observation_time>Last Updated on Apr 17 2020, 1:54 pm MST</observation_time>
        <observation_time_rfc822>Fri, 17 Apr 2020 13:54:00 -0700</observation_time_rfc822>
	<weather>Fair</weather>
	<temperature_string>83.0 F (28.3 C)</temperature_string>
	<temp_f>83.0</temp_f>
	<temp_c>28.3</temp_c>
	<relative_humidity>14</relative_humidity>
	<wind_string>Southwest at 9.2 MPH (8 KT)</wind_string>
	<wind_dir>Southwest</wind_dir>
	<wind_degrees>210</wind_degrees>
	<wind_mph>9.2</wind_mph>
	<wind_kt>8</wind_kt>
	<pressure_string>1009.1 mb</pressure_string>
	<pressure_mb>1009.1</pressure_mb>
	<pressure_in>29.86</pressure_in>
	<dewpoint_string>28.9 F (-1.7 C)</dewpoint_string>
	<dewpoint_f>28.9</dewpoint_f>
	<dewpoint_c>-1.7</dewpoint_c>
	<heat_index_string>80 F (27 C)</heat_index_string>
      	<heat_index_f>80</heat_index_f>
      	<heat_index_c>27</heat_index_c>
	<visibility_mi>10.00</visibility_mi>
 	<icon_url_base>http://forecast.weather.gov/images/wtf/small/</icon_url_base>
	<two_day_history_url>http://www.weather.gov/data/obhistory/KFFZ.html</two_day_history_url>
	<icon_url_name>skc.png</icon_url_name>
	<ob_url>http://www.weather.gov/data/METAR/KFFZ.1.txt</ob_url>
	<disclaimer_url>http://weather.gov/disclaimer.html</disclaimer_url>
	<copyright_url>http://weather.gov/disclaimer.html</copyright_url>
	<privacy_policy_url>http://weather.gov/notice.html</privacy_policy_url>
</current_observation>
