<?xml version="1.0" encoding="ISO-8859-1"?> 
<?xml-stylesheet href="latest_ob.xsl" type="text/xsl"?>
<current_observation version="1.0"
	 xmlns:xsd="http://www.w3.org/2001/XMLSchema"
	 xmlns:xsi="http://www.w3.org/2001/XMLSchema-instance"
	 xsi:noNamespaceSchemaLocation="http://www.weather.gov/view/current_observation.xsd">
	<credit>NOAA's National Weather Service</credit>
	<credit_URL>http://weather.gov/</credit_URL>
	<image>
		<url>http://weather.gov/images/xml_logo.gif</url>
		<title>NOAA's National Weather Service</title>
		<link>http://weather.gov</link>
	</image>
	<suggested_pickup>15 minutes after the hour</suggested_pickup>
	<suggested_pickup_period>60</suggested_pickup_period>
	<location>Fort Pierce, St. Lucie County International Airport, FL</location>
	<station_id>KFPR</station_id>
	<latitude>27.49806</latitude>
	<longitude>-80.37667</longitude>
	<observation_time>Last Updated on Apr 17 2020, 4:53 pm EDT</observation_time>
        <observation_time_rfc822>Fri, 17 Apr 2020 16:53:00 -0400</observation_time_rfc822>
	<weather>Overcast</weather>
	<temperature_string>78.0 F (25.6 C)</temperature_string>
	<temp_f>78.0</temp_f>
	<temp_c>25.6</temp_c>
	<relative_humidity>85</relative_humidity>
	<wind_string>East at 11.5 MPH (10 KT)</wind_string>
	<wind_dir>East</wind_dir>
	<wind_degrees>90</wind_degrees>
	<wind_mph>11.5</wind_mph>
	<wind_kt>10</wind_kt>
	<pressure_string>1018.6 mb</pressure_string>
	<pressure_mb>1018.6</pressure_mb>
	<pressure_in>30.08</pressure_in>
	<dewpoint_string>73.0 F (22.8 C)</dewpoint_string>
	<dewpoint_f>73.0</dewpoint_f>
	<dewpoint_c>22.8</dewpoint_c>
	<visibility_mi>10.00</visibility_mi>
 	<icon_url_base>http://forecast.weather.gov/images/wtf/small/</icon_url_base>
	<two_day_history_url>http://www.weather.gov/data/obhistory/KFPR.html</two_day_history_url>
	<icon_url_name>ovc.png</icon_url_name>
	<ob_url>http://www.weather.gov/data/METAR/KFPR.1.txt</ob_url>
	<disclaimer_url>http://weather.gov/disclaimer.html</disclaimer_url>
	<copyright_url>http://weather.gov/disclaimer.html</copyright_url>
	<privacy_policy_url>http://weather.gov/notice.html</privacy_policy_url>
</current_observation>
