<?xml version="1.0" encoding="ISO-8859-1"?> 
<?xml-stylesheet href="latest_ob.xsl" type="text/xsl"?>
<current_observation version="1.0"
	 xmlns:xsd="http://www.w3.org/2001/XMLSchema"
	 xmlns:xsi="http://www.w3.org/2001/XMLSchema-instance"
	 xsi:noNamespaceSchemaLocation="http://www.weather.gov/view/current_observation.xsd">
	<credit>NOAA's National Weather Service</credit>
	<credit_URL>http://weather.gov/</credit_URL>
	<image>
		<url>http://weather.gov/images/xml_logo.gif</url>
		<title>NOAA's National Weather Service</title>
		<link>http://weather.gov</link>
	</image>
	<suggested_pickup>15 minutes after the hour</suggested_pickup>
	<suggested_pickup_period>60</suggested_pickup_period>
	<location>Gila Bend Air Force Auxiliary Field, AZ</location>
	<station_id>KGXF</station_id>
	<latitude>32.8875</latitude>
	<longitude>-112.72</longitude>
	<observation_time>Last Updated on Apr 17 2020, 1:58 pm MST</observation_time>
        <observation_time_rfc822>Fri, 17 Apr 2020 13:58:00 -0700</observation_time_rfc822>
	<weather>A Few Clouds and Breezy</weather>
	<temperature_string>85.0 F (29.4 C)</temperature_string>
	<temp_f>85.0</temp_f>
	<temp_c>29.4</temp_c>
	<relative_humidity>7</relative_humidity>
	<wind_string>from the South at 23.0 gusting to 35.7 MPH (20 gusting to 31 KT)</wind_string>
	<wind_dir>South</wind_dir>
	<wind_degrees>200</wind_degrees>
	<wind_mph>23.0</wind_mph>
	<wind_gust_mph>35.7</wind_gust_mph>
	<wind_kt>20</wind_kt>
	<wind_gust_kt>31</wind_gust_kt>
	<pressure_string>1009.2 mb</pressure_string>
	<pressure_mb>1009.2</pressure_mb>
	<pressure_in>29.83</pressure_in>
	<dewpoint_string>14.0 F (-10.0 C)</dewpoint_string>
	<dewpoint_f>14.0</dewpoint_f>
	<dewpoint_c>-10.0</dewpoint_c>
	<heat_index_string>82 F (28 C)</heat_index_string>
      	<heat_index_f>82</heat_index_f>
      	<heat_index_c>28</heat_index_c>
	<visibility_mi>10.00</visibility_mi>
 	<icon_url_base>http://forecast.weather.gov/images/wtf/small/</icon_url_base>
	<two_day_history_url>http://www.weather.gov/data/obhistory/KGXF.html</two_day_history_url>
	<icon_url_name>few.png</icon_url_name>
	<ob_url>http://www.weather.gov/data/METAR/KGXF.1.txt</ob_url>
	<disclaimer_url>http://weather.gov/disclaimer.html</disclaimer_url>
	<copyright_url>http://weather.gov/disclaimer.html</copyright_url>
	<privacy_policy_url>http://weather.gov/notice.html</privacy_policy_url>
</current_observation>
