<?xml version="1.0" encoding="ISO-8859-1"?> 
<?xml-stylesheet href="latest_ob.xsl" type="text/xsl"?>
<current_observation version="1.0"
	 xmlns:xsd="http://www.w3.org/2001/XMLSchema"
	 xmlns:xsi="http://www.w3.org/2001/XMLSchema-instance"
	 xsi:noNamespaceSchemaLocation="http://www.weather.gov/view/current_observation.xsd">
	<credit>NOAA's National Weather Service</credit>
	<credit_URL>http://weather.gov/</credit_URL>
	<image>
		<url>http://weather.gov/images/xml_logo.gif</url>
		<title>NOAA's National Weather Service</title>
		<link>http://weather.gov</link>
	</image>
	<suggested_pickup>15 minutes after the hour</suggested_pickup>
	<suggested_pickup_period>60</suggested_pickup_period>
	<location>Goodyear Municipal, AZ</location>
	<station_id>KGYR</station_id>
	<latitude>33.41667</latitude>
	<longitude>-112.38333</longitude>
	<observation_time>Last Updated on Apr 17 2020, 1:47 pm MST</observation_time>
        <observation_time_rfc822>Fri, 17 Apr 2020 13:47:00 -0700</observation_time_rfc822>
	<weather>Mostly Cloudy</weather>
	<temperature_string>84.0 F (29.0 C)</temperature_string>
	<temp_f>84.0</temp_f>
	<temp_c>29.0</temp_c>
	<relative_humidity>13</relative_humidity>
	<wind_string>from the Southwest at 8.1 gusting to 18.4 MPH (7 gusting to 16 KT)</wind_string>
	<wind_dir>Southwest</wind_dir>
	<wind_degrees>240</wind_degrees>
	<wind_mph>8.1</wind_mph>
	<wind_gust_mph>18.4</wind_gust_mph>
	<wind_kt>7</wind_kt>
	<wind_gust_kt>16</wind_gust_kt>
	<pressure_in>29.84</pressure_in>
	<dewpoint_string>28.4 F (-2.0 C)</dewpoint_string>
	<dewpoint_f>28.4</dewpoint_f>
	<dewpoint_c>-2.0</dewpoint_c>
	<heat_index_string>81 F (27 C)</heat_index_string>
      	<heat_index_f>81</heat_index_f>
      	<heat_index_c>27</heat_index_c>
	<visibility_mi>10.00</visibility_mi>
 	<icon_url_base>http://forecast.weather.gov/images/wtf/small/</icon_url_base>
	<two_day_history_url>http://www.weather.gov/data/obhistory/KGYR.html</two_day_history_url>
	<icon_url_name>bkn.png</icon_url_name>
	<ob_url>http://www.weather.gov/data/METAR/KGYR.1.txt</ob_url>
	<disclaimer_url>http://weather.gov/disclaimer.html</disclaimer_url>
	<copyright_url>http://weather.gov/disclaimer.html</copyright_url>
	<privacy_policy_url>http://weather.gov/notice.html</privacy_policy_url>
</current_observation>
