<?xml version="1.0" encoding="ISO-8859-1"?> 
<?xml-stylesheet href="latest_ob.xsl" type="text/xsl"?>
<current_observation version="1.0"
	 xmlns:xsd="http://www.w3.org/2001/XMLSchema"
	 xmlns:xsi="http://www.w3.org/2001/XMLSchema-instance"
	 xsi:noNamespaceSchemaLocation="http://www.weather.gov/view/current_observation.xsd">
	<credit>NOAA's National Weather Service</credit>
	<credit_URL>http://weather.gov/</credit_URL>
	<image>
		<url>http://weather.gov/images/xml_logo.gif</url>
		<title>NOAA's National Weather Service</title>
		<link>http://weather.gov</link>
	</image>
	<suggested_pickup>15 minutes after the hour</suggested_pickup>
	<suggested_pickup_period>60</suggested_pickup_period>
	<location>Hutchinson, Hutchinson Municipal Airport-Butler Field, MN</location>
	<station_id>KHCD</station_id>
	<latitude>44.85961</latitude>
	<longitude>-94.38551</longitude>
	<observation_time>Last Updated on Apr 17 2020, 3:56 pm CDT</observation_time>
        <observation_time_rfc822>Fri, 17 Apr 2020 15:56:00 -0500</observation_time_rfc822>
	<weather>Partly Cloudy</weather>
	<temperature_string>47.0 F (8.3 C)</temperature_string>
	<temp_f>47.0</temp_f>
	<temp_c>8.3</temp_c>
	<relative_humidity>33</relative_humidity>
	<wind_string>West at 10.4 MPH (9 KT)</wind_string>
	<wind_dir>West</wind_dir>
	<wind_degrees>270</wind_degrees>
	<wind_mph>10.4</wind_mph>
	<wind_kt>9</wind_kt>
	<pressure_in>29.97</pressure_in>
	<dewpoint_string>19.2 F (-7.1 C)</dewpoint_string>
	<dewpoint_f>19.2</dewpoint_f>
	<dewpoint_c>-7.1</dewpoint_c>
	<windchill_string>42 F (6 C)</windchill_string>
      	<windchill_f>42</windchill_f>
      	<windchill_c>6</windchill_c>
	<visibility_mi>10.00</visibility_mi>
 	<icon_url_base>http://forecast.weather.gov/images/wtf/small/</icon_url_base>
	<two_day_history_url>http://www.weather.gov/data/obhistory/KHCD.html</two_day_history_url>
	<icon_url_name>sct.png</icon_url_name>
	<ob_url>http://www.weather.gov/data/METAR/KHCD.1.txt</ob_url>
	<disclaimer_url>http://weather.gov/disclaimer.html</disclaimer_url>
	<copyright_url>http://weather.gov/disclaimer.html</copyright_url>
	<privacy_policy_url>http://weather.gov/notice.html</privacy_policy_url>
</current_observation>
