<?xml version="1.0" encoding="ISO-8859-1"?> 
<?xml-stylesheet href="latest_ob.xsl" type="text/xsl"?>
<current_observation version="1.0"
	 xmlns:xsd="http://www.w3.org/2001/XMLSchema"
	 xmlns:xsi="http://www.w3.org/2001/XMLSchema-instance"
	 xsi:noNamespaceSchemaLocation="http://www.weather.gov/view/current_observation.xsd">
	<credit>NOAA's National Weather Service</credit>
	<credit_URL>http://weather.gov/</credit_URL>
	<image>
		<url>http://weather.gov/images/xml_logo.gif</url>
		<title>NOAA's National Weather Service</title>
		<link>http://weather.gov</link>
	</image>
	<suggested_pickup>15 minutes after the hour</suggested_pickup>
	<suggested_pickup_period>60</suggested_pickup_period>
	<location>Hot Springs, Memorial Field Airport, AR</location>
	<station_id>KHOT</station_id>
	<latitude>34.47806</latitude>
	<longitude>-93.09611</longitude>
	<observation_time>Last Updated on Apr 17 2020, 3:53 pm CDT</observation_time>
        <observation_time_rfc822>Fri, 17 Apr 2020 15:53:00 -0500</observation_time_rfc822>
	<weather>Overcast</weather>
	<temperature_string>64.0 F (17.8 C)</temperature_string>
	<temp_f>64.0</temp_f>
	<temp_c>17.8</temp_c>
	<relative_humidity>81</relative_humidity>
	<wind_string>Variable at 3.5 MPH (3 KT)</wind_string>
	<wind_dir>Variable</wind_dir>
	<wind_degrees>999</wind_degrees>
	<wind_mph>3.5</wind_mph>
	<wind_kt>3</wind_kt>
	<pressure_string>1016.1 mb</pressure_string>
	<pressure_mb>1016.1</pressure_mb>
	<pressure_in>30.02</pressure_in>
	<dewpoint_string>57.9 F (14.4 C)</dewpoint_string>
	<dewpoint_f>57.9</dewpoint_f>
	<dewpoint_c>14.4</dewpoint_c>
	<visibility_mi>9.00</visibility_mi>
 	<icon_url_base>http://forecast.weather.gov/images/wtf/small/</icon_url_base>
	<two_day_history_url>http://www.weather.gov/data/obhistory/KHOT.html</two_day_history_url>
	<icon_url_name>ovc.png</icon_url_name>
	<ob_url>http://www.weather.gov/data/METAR/KHOT.1.txt</ob_url>
	<disclaimer_url>http://weather.gov/disclaimer.html</disclaimer_url>
	<copyright_url>http://weather.gov/disclaimer.html</copyright_url>
	<privacy_policy_url>http://weather.gov/notice.html</privacy_policy_url>
</current_observation>
