<?xml version="1.0" encoding="ISO-8859-1"?> 
<?xml-stylesheet href="latest_ob.xsl" type="text/xsl"?>
<current_observation version="1.0"
	 xmlns:xsd="http://www.w3.org/2001/XMLSchema"
	 xmlns:xsi="http://www.w3.org/2001/XMLSchema-instance"
	 xsi:noNamespaceSchemaLocation="http://www.weather.gov/view/current_observation.xsd">
	<credit>NOAA's National Weather Service</credit>
	<credit_URL>http://weather.gov/</credit_URL>
	<image>
		<url>http://weather.gov/images/xml_logo.gif</url>
		<title>NOAA's National Weather Service</title>
		<link>http://weather.gov</link>
	</image>
	<suggested_pickup>15 minutes after the hour</suggested_pickup>
	<suggested_pickup_period>60</suggested_pickup_period>
	<location>Batavia Clermont County Airport, OH</location>
	<station_id>KI69</station_id>
	<latitude>39.0784</latitude>
	<longitude>-84.2102</longitude>
	<observation_time>Last Updated on Apr 17 2020, 4:55 pm EDT</observation_time>
        <observation_time_rfc822>Fri, 17 Apr 2020 16:55:00 -0400</observation_time_rfc822>
	<weather>Light Rain</weather>
	<temperature_string>51.0 F (10.5 C)</temperature_string>
	<temp_f>51.0</temp_f>
	<temp_c>10.5</temp_c>
	<relative_humidity>90</relative_humidity>
	<wind_string>from the Southwest at 13.8 gusting to 24.2 MPH (12 gusting to 21 KT)</wind_string>
	<wind_dir>Southwest</wind_dir>
	<wind_degrees>240</wind_degrees>
	<wind_mph>13.8</wind_mph>
	<wind_gust_mph>24.2</wind_gust_mph>
	<wind_kt>12</wind_kt>
	<wind_gust_kt>21</wind_gust_kt>
	<pressure_in>29.92</pressure_in>
	<dewpoint_string>48.0 F (8.9 C)</dewpoint_string>
	<dewpoint_f>48.0</dewpoint_f>
	<dewpoint_c>8.9</dewpoint_c>
	<windchill_string>46 F (8 C)</windchill_string>
      	<windchill_f>46</windchill_f>
      	<windchill_c>8</windchill_c>
	<visibility_mi>7.00</visibility_mi>
 	<icon_url_base>http://forecast.weather.gov/images/wtf/small/</icon_url_base>
	<two_day_history_url>http://www.weather.gov/data/obhistory/KI69.html</two_day_history_url>
	<icon_url_name>ra.png</icon_url_name>
	<ob_url>http://www.weather.gov/data/METAR/KI69.1.txt</ob_url>
	<disclaimer_url>http://weather.gov/disclaimer.html</disclaimer_url>
	<copyright_url>http://weather.gov/disclaimer.html</copyright_url>
	<privacy_policy_url>http://weather.gov/notice.html</privacy_policy_url>
</current_observation>
