<?xml version="1.0" encoding="ISO-8859-1"?> 
<?xml-stylesheet href="latest_ob.xsl" type="text/xsl"?>
<current_observation version="1.0"
	 xmlns:xsd="http://www.w3.org/2001/XMLSchema"
	 xmlns:xsi="http://www.w3.org/2001/XMLSchema-instance"
	 xsi:noNamespaceSchemaLocation="http://www.weather.gov/view/current_observation.xsd">
	<credit>NOAA's National Weather Service</credit>
	<credit_URL>http://weather.gov/</credit_URL>
	<image>
		<url>http://weather.gov/images/xml_logo.gif</url>
		<title>NOAA's National Weather Service</title>
		<link>http://weather.gov</link>
	</image>
	<suggested_pickup>15 minutes after the hour</suggested_pickup>
	<suggested_pickup_period>60</suggested_pickup_period>
	<location>Willimantic, Windham Airport, CT</location>
	<station_id>KIJD</station_id>
	<latitude>41.74194</latitude>
	<longitude>-72.18361</longitude>
	<observation_time>Last Updated on Apr 17 2020, 4:52 pm EDT</observation_time>
        <observation_time_rfc822>Fri, 17 Apr 2020 16:52:00 -0400</observation_time_rfc822>
	<weather>A Few Clouds</weather>
	<temperature_string>49.0 F (9.4 C)</temperature_string>
	<temp_f>49.0</temp_f>
	<temp_c>9.4</temp_c>
	<relative_humidity>28</relative_humidity>
	<wind_string>from the Southwest at 9.2 gusting to 21.9 MPH (8 gusting to 19 KT)</wind_string>
	<wind_dir>Southwest</wind_dir>
	<wind_degrees>230</wind_degrees>
	<wind_mph>9.2</wind_mph>
	<wind_gust_mph>21.9</wind_gust_mph>
	<wind_kt>8</wind_kt>
	<wind_gust_kt>19</wind_gust_kt>
	<pressure_string>1017.6 mb</pressure_string>
	<pressure_mb>1017.6</pressure_mb>
	<pressure_in>30.05</pressure_in>
	<dewpoint_string>17.1 F (-8.3 C)</dewpoint_string>
	<dewpoint_f>17.1</dewpoint_f>
	<dewpoint_c>-8.3</dewpoint_c>
	<windchill_string>45 F (7 C)</windchill_string>
      	<windchill_f>45</windchill_f>
      	<windchill_c>7</windchill_c>
	<visibility_mi>10.00</visibility_mi>
 	<icon_url_base>http://forecast.weather.gov/images/wtf/small/</icon_url_base>
	<two_day_history_url>http://www.weather.gov/data/obhistory/KIJD.html</two_day_history_url>
	<icon_url_name>few.png</icon_url_name>
	<ob_url>http://www.weather.gov/data/METAR/KIJD.1.txt</ob_url>
	<disclaimer_url>http://weather.gov/disclaimer.html</disclaimer_url>
	<copyright_url>http://weather.gov/disclaimer.html</copyright_url>
	<privacy_policy_url>http://weather.gov/notice.html</privacy_policy_url>
</current_observation>
