<?xml version="1.0" encoding="ISO-8859-1"?> 
<?xml-stylesheet href="latest_ob.xsl" type="text/xsl"?>
<current_observation version="1.0"
	 xmlns:xsd="http://www.w3.org/2001/XMLSchema"
	 xmlns:xsi="http://www.w3.org/2001/XMLSchema-instance"
	 xsi:noNamespaceSchemaLocation="http://www.weather.gov/view/current_observation.xsd">
	<credit>NOAA's National Weather Service</credit>
	<credit_URL>http://weather.gov/</credit_URL>
	<image>
		<url>http://weather.gov/images/xml_logo.gif</url>
		<title>NOAA's National Weather Service</title>
		<link>http://weather.gov</link>
	</image>
	<suggested_pickup>15 minutes after the hour</suggested_pickup>
	<suggested_pickup_period>60</suggested_pickup_period>
	<location>Jacksonville International Airport, FL</location>
	<station_id>KJAX</station_id>
	<latitude>30.49534</latitude>
	<longitude>-81.6937</longitude>
	<observation_time>Last Updated on Apr 17 2020, 4:56 pm EDT</observation_time>
        <observation_time_rfc822>Fri, 17 Apr 2020 16:56:00 -0400</observation_time_rfc822>
	<weather>Mostly Cloudy</weather>
	<temperature_string>78.0 F (25.6 C)</temperature_string>
	<temp_f>78.0</temp_f>
	<temp_c>25.6</temp_c>
	<relative_humidity>54</relative_humidity>
	<wind_string>Southeast at 13.8 MPH (12 KT)</wind_string>
	<wind_dir>Southeast</wind_dir>
	<wind_degrees>120</wind_degrees>
	<wind_mph>13.8</wind_mph>
	<wind_kt>12</wind_kt>
	<pressure_string>1020.0 mb</pressure_string>
	<pressure_mb>1020.0</pressure_mb>
	<pressure_in>30.12</pressure_in>
	<dewpoint_string>60.1 F (15.6 C)</dewpoint_string>
	<dewpoint_f>60.1</dewpoint_f>
	<dewpoint_c>15.6</dewpoint_c>
	<visibility_mi>10.00</visibility_mi>
 	<icon_url_base>http://forecast.weather.gov/images/wtf/small/</icon_url_base>
	<two_day_history_url>http://www.weather.gov/data/obhistory/KJAX.html</two_day_history_url>
	<icon_url_name>bkn.png</icon_url_name>
	<ob_url>http://www.weather.gov/data/METAR/KJAX.1.txt</ob_url>
	<disclaimer_url>http://weather.gov/disclaimer.html</disclaimer_url>
	<copyright_url>http://weather.gov/disclaimer.html</copyright_url>
	<privacy_policy_url>http://weather.gov/notice.html</privacy_policy_url>
</current_observation>
