<?xml version="1.0" encoding="ISO-8859-1"?> 
<?xml-stylesheet href="latest_ob.xsl" type="text/xsl"?>
<current_observation version="1.0"
	 xmlns:xsd="http://www.w3.org/2001/XMLSchema"
	 xmlns:xsi="http://www.w3.org/2001/XMLSchema-instance"
	 xsi:noNamespaceSchemaLocation="http://www.weather.gov/view/current_observation.xsd">
	<credit>NOAA's National Weather Service</credit>
	<credit_URL>http://weather.gov/</credit_URL>
	<image>
		<url>http://weather.gov/images/xml_logo.gif</url>
		<title>NOAA's National Weather Service</title>
		<link>http://weather.gov</link>
	</image>
	<suggested_pickup>15 minutes after the hour</suggested_pickup>
	<suggested_pickup_period>60</suggested_pickup_period>
	<location>Jordan, Jordan Airport, MT</location>
	<station_id>KJDN</station_id>
	<latitude>47.32583</latitude>
	<longitude>-106.9475</longitude>
	<observation_time>Last Updated on Apr 17 2020, 2:48 pm MDT</observation_time>
        <observation_time_rfc822>Fri, 17 Apr 2020 14:48:00 -0600</observation_time_rfc822>
	<temperature_string>64.0 F (17.8 C)</temperature_string>
	<temp_f>64.0</temp_f>
	<temp_c>17.8</temp_c>
	<relative_humidity>21</relative_humidity>
	<wind_string>from the West at 16.1 gusting to 29.9 MPH (14 gusting to 26 KT)</wind_string>
	<wind_dir>West</wind_dir>
	<wind_degrees>280</wind_degrees>
	<wind_mph>16.1</wind_mph>
	<wind_gust_mph>29.9</wind_gust_mph>
	<wind_kt>14</wind_kt>
	<wind_gust_kt>26</wind_gust_kt>
	<pressure_string>1007.7 mb</pressure_string>
	<pressure_mb>1007.7</pressure_mb>
	<pressure_in>29.72</pressure_in>
	<dewpoint_string>23.0 F (-5.0 C)</dewpoint_string>
	<dewpoint_f>23.0</dewpoint_f>
	<dewpoint_c>-5.0</dewpoint_c>
	<two_day_history_url>http://www.weather.gov/data/obhistory/KJDN.html</two_day_history_url>
	<ob_url>http://www.weather.gov/data/METAR/KJDN.1.txt</ob_url>
	<disclaimer_url>http://weather.gov/disclaimer.html</disclaimer_url>
	<copyright_url>http://weather.gov/disclaimer.html</copyright_url>
	<privacy_policy_url>http://weather.gov/notice.html</privacy_policy_url>
</current_observation>
