<?xml version="1.0" encoding="ISO-8859-1"?> 
<?xml-stylesheet href="latest_ob.xsl" type="text/xsl"?>
<current_observation version="1.0"
	 xmlns:xsd="http://www.w3.org/2001/XMLSchema"
	 xmlns:xsi="http://www.w3.org/2001/XMLSchema-instance"
	 xsi:noNamespaceSchemaLocation="http://www.weather.gov/view/current_observation.xsd">
	<credit>NOAA's National Weather Service</credit>
	<credit_URL>http://weather.gov/</credit_URL>
	<image>
		<url>http://weather.gov/images/xml_logo.gif</url>
		<title>NOAA's National Weather Service</title>
		<link>http://weather.gov</link>
	</image>
	<suggested_pickup>15 minutes after the hour</suggested_pickup>
	<suggested_pickup_period>60</suggested_pickup_period>
	<location>Jerome County Airport, ID</location>
	<station_id>KJER</station_id>
	<latitude>42.72736</latitude>
	<longitude>-114.45469</longitude>
	<observation_time>Last Updated on Apr 17 2020, 2:53 pm MDT</observation_time>
        <observation_time_rfc822>Fri, 17 Apr 2020 14:53:00 -0600</observation_time_rfc822>
	<weather>Fair</weather>
	<temperature_string>55.0 F (12.8 C)</temperature_string>
	<temp_f>55.0</temp_f>
	<temp_c>12.8</temp_c>
	<relative_humidity>18</relative_humidity>
	<wind_string>East at 5.8 MPH (5 KT)</wind_string>
	<wind_dir>East</wind_dir>
	<wind_degrees>110</wind_degrees>
	<wind_mph>5.8</wind_mph>
	<wind_kt>5</wind_kt>
	<pressure_string>1018.2 mb</pressure_string>
	<pressure_mb>1018.2</pressure_mb>
	<pressure_in>30.06</pressure_in>
	<dewpoint_string>12.0 F (-11.1 C)</dewpoint_string>
	<dewpoint_f>12.0</dewpoint_f>
	<dewpoint_c>-11.1</dewpoint_c>
	<windchill_string>54 F (12 C)</windchill_string>
      	<windchill_f>54</windchill_f>
      	<windchill_c>12</windchill_c>
	<visibility_mi>10.00</visibility_mi>
 	<icon_url_base>http://forecast.weather.gov/images/wtf/small/</icon_url_base>
	<two_day_history_url>http://www.weather.gov/data/obhistory/KJER.html</two_day_history_url>
	<icon_url_name>skc.png</icon_url_name>
	<ob_url>http://www.weather.gov/data/METAR/KJER.1.txt</ob_url>
	<disclaimer_url>http://weather.gov/disclaimer.html</disclaimer_url>
	<copyright_url>http://weather.gov/disclaimer.html</copyright_url>
	<privacy_policy_url>http://weather.gov/notice.html</privacy_policy_url>
</current_observation>
