<?xml version="1.0" encoding="ISO-8859-1"?> 
<?xml-stylesheet href="latest_ob.xsl" type="text/xsl"?>
<current_observation version="1.0"
	 xmlns:xsd="http://www.w3.org/2001/XMLSchema"
	 xmlns:xsi="http://www.w3.org/2001/XMLSchema-instance"
	 xsi:noNamespaceSchemaLocation="http://www.weather.gov/view/current_observation.xsd">
	<credit>NOAA's National Weather Service</credit>
	<credit_URL>http://weather.gov/</credit_URL>
	<image>
		<url>http://weather.gov/images/xml_logo.gif</url>
		<title>NOAA's National Weather Service</title>
		<link>http://weather.gov</link>
	</image>
	<suggested_pickup>15 minutes after the hour</suggested_pickup>
	<suggested_pickup_period>60</suggested_pickup_period>
	<location>Langley Air Force Base, VA</location>
	<station_id>KLFI</station_id>
	<latitude>37.08333</latitude>
	<longitude>-76.35</longitude>
	<observation_time>Last Updated on Apr 17 2020, 4:56 pm EDT</observation_time>
        <observation_time_rfc822>Fri, 17 Apr 2020 16:56:00 -0400</observation_time_rfc822>
	<weather>A Few Clouds</weather>
	<temperature_string>63.0 F (17.0 C)</temperature_string>
	<temp_f>63.0</temp_f>
	<temp_c>17.0</temp_c>
	<relative_humidity>59</relative_humidity>
	<wind_string>Southeast at 12.7 MPH (11 KT)</wind_string>
	<wind_dir>Southeast</wind_dir>
	<wind_degrees>120</wind_degrees>
	<wind_mph>12.7</wind_mph>
	<wind_kt>11</wind_kt>
	<pressure_string>1018.9 mb</pressure_string>
	<pressure_mb>1018.9</pressure_mb>
	<pressure_in>30.07</pressure_in>
	<dewpoint_string>48.0 F (8.9 C)</dewpoint_string>
	<dewpoint_f>48.0</dewpoint_f>
	<dewpoint_c>8.9</dewpoint_c>
	<windchill_string>62 F (17 C)</windchill_string>
      	<windchill_f>62</windchill_f>
      	<windchill_c>17</windchill_c>
	<visibility_mi>9.00</visibility_mi>
 	<icon_url_base>http://forecast.weather.gov/images/wtf/small/</icon_url_base>
	<two_day_history_url>http://www.weather.gov/data/obhistory/KLFI.html</two_day_history_url>
	<icon_url_name>few.png</icon_url_name>
	<ob_url>http://www.weather.gov/data/METAR/KLFI.1.txt</ob_url>
	<disclaimer_url>http://weather.gov/disclaimer.html</disclaimer_url>
	<copyright_url>http://weather.gov/disclaimer.html</copyright_url>
	<privacy_policy_url>http://weather.gov/notice.html</privacy_policy_url>
</current_observation>
