<?xml version="1.0" encoding="ISO-8859-1"?> 
<?xml-stylesheet href="latest_ob.xsl" type="text/xsl"?>
<current_observation version="1.0"
	 xmlns:xsd="http://www.w3.org/2001/XMLSchema"
	 xmlns:xsi="http://www.w3.org/2001/XMLSchema-instance"
	 xsi:noNamespaceSchemaLocation="http://www.weather.gov/view/current_observation.xsd">
	<credit>NOAA's National Weather Service</credit>
	<credit_URL>http://weather.gov/</credit_URL>
	<image>
		<url>http://weather.gov/images/xml_logo.gif</url>
		<title>NOAA's National Weather Service</title>
		<link>http://weather.gov</link>
	</image>
	<suggested_pickup>15 minutes after the hour</suggested_pickup>
	<suggested_pickup_period>60</suggested_pickup_period>
	<location>Las Vegas Municipal Airport, NM</location>
	<station_id>KLVS</station_id>
	<latitude>35.65584</latitude>
	<longitude>-105.13852</longitude>
	<observation_time>Last Updated on Apr 17 2020, 2:53 pm MDT</observation_time>
        <observation_time_rfc822>Fri, 17 Apr 2020 14:53:00 -0600</observation_time_rfc822>
	<weather>Fair and Breezy</weather>
	<temperature_string>59.0 F (15.0 C)</temperature_string>
	<temp_f>59.0</temp_f>
	<temp_c>15.0</temp_c>
	<relative_humidity>28</relative_humidity>
	<wind_string>from the South at 21.9 gusting to 27.6 MPH (19 gusting to 24 KT)</wind_string>
	<wind_dir>South</wind_dir>
	<wind_degrees>190</wind_degrees>
	<wind_mph>21.9</wind_mph>
	<wind_gust_mph>27.6</wind_gust_mph>
	<wind_kt>19</wind_kt>
	<wind_gust_kt>24</wind_gust_kt>
	<pressure_string>1013.9 mb</pressure_string>
	<pressure_mb>1013.9</pressure_mb>
	<pressure_in>30.05</pressure_in>
	<dewpoint_string>26.1 F (-3.3 C)</dewpoint_string>
	<dewpoint_f>26.1</dewpoint_f>
	<dewpoint_c>-3.3</dewpoint_c>
	<windchill_string>55 F (13 C)</windchill_string>
      	<windchill_f>55</windchill_f>
      	<windchill_c>13</windchill_c>
	<visibility_mi>10.00</visibility_mi>
 	<icon_url_base>http://forecast.weather.gov/images/wtf/small/</icon_url_base>
	<two_day_history_url>http://www.weather.gov/data/obhistory/KLVS.html</two_day_history_url>
	<icon_url_name>skc.png</icon_url_name>
	<ob_url>http://www.weather.gov/data/METAR/KLVS.1.txt</ob_url>
	<disclaimer_url>http://weather.gov/disclaimer.html</disclaimer_url>
	<copyright_url>http://weather.gov/disclaimer.html</copyright_url>
	<privacy_policy_url>http://weather.gov/notice.html</privacy_policy_url>
</current_observation>
