<?xml version="1.0" encoding="ISO-8859-1"?> 
<?xml-stylesheet href="latest_ob.xsl" type="text/xsl"?>
<current_observation version="1.0"
	 xmlns:xsd="http://www.w3.org/2001/XMLSchema"
	 xmlns:xsi="http://www.w3.org/2001/XMLSchema-instance"
	 xsi:noNamespaceSchemaLocation="http://www.weather.gov/view/current_observation.xsd">
	<credit>NOAA's National Weather Service</credit>
	<credit_URL>http://weather.gov/</credit_URL>
	<image>
		<url>http://weather.gov/images/xml_logo.gif</url>
		<title>NOAA's National Weather Service</title>
		<link>http://weather.gov</link>
	</image>
	<suggested_pickup>15 minutes after the hour</suggested_pickup>
	<suggested_pickup_period>60</suggested_pickup_period>
	<location>Montauk, Montauk Airport, NY</location>
	<station_id>KMTP</station_id>
	<latitude>41.07306</latitude>
	<longitude>-71.92333</longitude>
	<observation_time>Last Updated on Apr 17 2020, 4:54 pm EDT</observation_time>
        <observation_time_rfc822>Fri, 17 Apr 2020 16:54:00 -0400</observation_time_rfc822>
	<temperature_string>46.0 F (7.8 C)</temperature_string>
	<temp_f>46.0</temp_f>
	<temp_c>7.8</temp_c>
	<relative_humidity>47</relative_humidity>
	<wind_string>from the Southwest at 12.7 gusting to 26.5 MPH (11 gusting to 23 KT)</wind_string>
	<wind_dir>Southwest</wind_dir>
	<wind_degrees>230</wind_degrees>
	<wind_mph>12.7</wind_mph>
	<wind_gust_mph>26.5</wind_gust_mph>
	<wind_kt>11</wind_kt>
	<wind_gust_kt>23</wind_gust_kt>
	<pressure_string>1019.8 mb</pressure_string>
	<pressure_mb>1019.8</pressure_mb>
	<pressure_in>30.12</pressure_in>
	<dewpoint_string>27.0 F (-2.8 C)</dewpoint_string>
	<dewpoint_f>27.0</dewpoint_f>
	<dewpoint_c>-2.8</dewpoint_c>
	<windchill_string>40 F (4 C)</windchill_string>
      	<windchill_f>40</windchill_f>
      	<windchill_c>4</windchill_c>
	<two_day_history_url>http://www.weather.gov/data/obhistory/KMTP.html</two_day_history_url>
	<ob_url>http://www.weather.gov/data/METAR/KMTP.1.txt</ob_url>
	<disclaimer_url>http://weather.gov/disclaimer.html</disclaimer_url>
	<copyright_url>http://weather.gov/disclaimer.html</copyright_url>
	<privacy_policy_url>http://weather.gov/notice.html</privacy_policy_url>
</current_observation>
