<?xml version="1.0" encoding="ISO-8859-1"?> 
<?xml-stylesheet href="latest_ob.xsl" type="text/xsl"?>
<current_observation version="1.0"
	 xmlns:xsd="http://www.w3.org/2001/XMLSchema"
	 xmlns:xsi="http://www.w3.org/2001/XMLSchema-instance"
	 xsi:noNamespaceSchemaLocation="http://www.weather.gov/view/current_observation.xsd">
	<credit>NOAA's National Weather Service</credit>
	<credit_URL>http://weather.gov/</credit_URL>
	<image>
		<url>http://weather.gov/images/xml_logo.gif</url>
		<title>NOAA's National Weather Service</title>
		<link>http://weather.gov</link>
	</image>
	<suggested_pickup>15 minutes after the hour</suggested_pickup>
	<suggested_pickup_period>60</suggested_pickup_period>
	<location>Mountain Home Air Force Base, ID</location>
	<station_id>KMUO</station_id>
	<latitude>43.05</latitude>
	<longitude>-115.86667</longitude>
	<observation_time>Last Updated on Apr 17 2020, 2:58 pm MDT</observation_time>
        <observation_time_rfc822>Fri, 17 Apr 2020 14:58:00 -0600</observation_time_rfc822>
	<weather>Fair</weather>
	<temperature_string>57.0 F (13.8 C)</temperature_string>
	<temp_f>57.0</temp_f>
	<temp_c>13.8</temp_c>
	<relative_humidity>19</relative_humidity>
	<wind_string>from the Southeast at 12.7 gusting to 16.1 MPH (11 gusting to 14 KT)</wind_string>
	<wind_dir>Southeast</wind_dir>
	<wind_degrees>130</wind_degrees>
	<wind_mph>12.7</wind_mph>
	<wind_gust_mph>16.1</wind_gust_mph>
	<wind_kt>11</wind_kt>
	<wind_gust_kt>14</wind_gust_kt>
	<pressure_string>1018.2 mb</pressure_string>
	<pressure_mb>1018.2</pressure_mb>
	<pressure_in>30.05</pressure_in>
	<dewpoint_string>14.9 F (-9.5 C)</dewpoint_string>
	<dewpoint_f>14.9</dewpoint_f>
	<dewpoint_c>-9.5</dewpoint_c>
	<windchill_string>54 F (12 C)</windchill_string>
      	<windchill_f>54</windchill_f>
      	<windchill_c>12</windchill_c>
	<visibility_mi>10.00</visibility_mi>
 	<icon_url_base>http://forecast.weather.gov/images/wtf/small/</icon_url_base>
	<two_day_history_url>http://www.weather.gov/data/obhistory/KMUO.html</two_day_history_url>
	<icon_url_name>skc.png</icon_url_name>
	<ob_url>http://www.weather.gov/data/METAR/KMUO.1.txt</ob_url>
	<disclaimer_url>http://weather.gov/disclaimer.html</disclaimer_url>
	<copyright_url>http://weather.gov/disclaimer.html</copyright_url>
	<privacy_policy_url>http://weather.gov/notice.html</privacy_policy_url>
</current_observation>
