<?xml version="1.0" encoding="ISO-8859-1"?> 
<?xml-stylesheet href="latest_ob.xsl" type="text/xsl"?>
<current_observation version="1.0"
	 xmlns:xsd="http://www.w3.org/2001/XMLSchema"
	 xmlns:xsi="http://www.w3.org/2001/XMLSchema-instance"
	 xsi:noNamespaceSchemaLocation="http://www.weather.gov/view/current_observation.xsd">
	<credit>NOAA's National Weather Service</credit>
	<credit_URL>http://weather.gov/</credit_URL>
	<image>
		<url>http://weather.gov/images/xml_logo.gif</url>
		<title>NOAA's National Weather Service</title>
		<link>http://weather.gov</link>
	</image>
	<suggested_pickup>15 minutes after the hour</suggested_pickup>
	<suggested_pickup_period>60</suggested_pickup_period>
	<location>Unknown Station</location>
	<station_id>KNBJ</station_id>
	<observation_time>Last Updated on May 26 2012, 3:54 am CDT</observation_time>
        <observation_time_rfc822>Sat, 26 May 2012 03:54:00 -0500</observation_time_rfc822>
	<weather>Fair</weather>
	<temperature_string>70.0 F (21.1 C)</temperature_string>
	<temp_f>70.0</temp_f>
	<temp_c>21.1</temp_c>
	<relative_humidity>87</relative_humidity>
	<wind_string>North at 3.5 MPH (3 KT)</wind_string>
	<wind_dir>North</wind_dir>
	<wind_degrees>360</wind_degrees>
	<wind_mph>3.5</wind_mph>
	<wind_gust_mph>0.0</wind_gust_mph>
	<wind_kt>3</wind_kt>
	<wind_gust_kt>0</wind_gust_kt>
	<pressure_string>1017.4 mb</pressure_string>
	<pressure_mb>1017.4</pressure_mb>
	<pressure_in>30.05</pressure_in>
	<dewpoint_string>66.0 F (18.9 C)</dewpoint_string>
	<dewpoint_f>66.0</dewpoint_f>
	<dewpoint_c>18.9</dewpoint_c>
	<visibility_mi>10.00</visibility_mi>
 	<icon_url_base>http://weather.gov/images/fcicons/</icon_url_base>
	<two_day_history_url>http://www.weather.gov/data/obhistory/KNBJ.html</two_day_history_url>
	<icon_url_name>nskc.jpg</icon_url_name>
	<ob_url>http://www.weather.gov/data/METAR/KNBJ.1.txt</ob_url>
	<disclaimer_url>http://weather.gov/disclaimer.html</disclaimer_url>
	<copyright_url>http://weather.gov/disclaimer.html</copyright_url>
	<privacy_policy_url>http://weather.gov/notice.html</privacy_policy_url>
</current_observation>
