<?xml version="1.0" encoding="ISO-8859-1"?> 
<?xml-stylesheet href="latest_ob.xsl" type="text/xsl"?>
<current_observation version="1.0"
	 xmlns:xsd="http://www.w3.org/2001/XMLSchema"
	 xmlns:xsi="http://www.w3.org/2001/XMLSchema-instance"
	 xsi:noNamespaceSchemaLocation="http://www.weather.gov/view/current_observation.xsd">
	<credit>NOAA's National Weather Service</credit>
	<credit_URL>http://weather.gov/</credit_URL>
	<image>
		<url>http://weather.gov/images/xml_logo.gif</url>
		<title>NOAA's National Weather Service</title>
		<link>http://weather.gov</link>
	</image>
	<suggested_pickup>15 minutes after the hour</suggested_pickup>
	<suggested_pickup_period>60</suggested_pickup_period>
	<location>Lemoore Naval Air Station - Reeves Field, CA</location>
	<station_id>KNLC</station_id>
	<latitude>36.30244</latitude>
	<longitude>-119.93968</longitude>
	<observation_time>Last Updated on Apr 17 2020, 1:56 pm PDT</observation_time>
        <observation_time_rfc822>Fri, 17 Apr 2020 13:56:00 -0700</observation_time_rfc822>
	<weather>Light Rain</weather>
	<temperature_string>65.0 F (18.3 C)</temperature_string>
	<temp_f>65.0</temp_f>
	<temp_c>18.3</temp_c>
	<relative_humidity>68</relative_humidity>
	<pressure_string>1013.7 mb</pressure_string>
	<pressure_mb>1013.7</pressure_mb>
	<pressure_in>29.94</pressure_in>
	<dewpoint_string>54.0 F (12.2 C)</dewpoint_string>
	<dewpoint_f>54.0</dewpoint_f>
	<dewpoint_c>12.2</dewpoint_c>
	<visibility_mi>10.00</visibility_mi>
 	<icon_url_base>http://forecast.weather.gov/images/wtf/small/</icon_url_base>
	<two_day_history_url>http://www.weather.gov/data/obhistory/KNLC.html</two_day_history_url>
	<icon_url_name>ra.png</icon_url_name>
	<ob_url>http://www.weather.gov/data/METAR/KNLC.1.txt</ob_url>
	<disclaimer_url>http://weather.gov/disclaimer.html</disclaimer_url>
	<copyright_url>http://weather.gov/disclaimer.html</copyright_url>
	<privacy_policy_url>http://weather.gov/notice.html</privacy_policy_url>
</current_observation>
