<?xml version="1.0" encoding="ISO-8859-1"?> 
<?xml-stylesheet href="latest_ob.xsl" type="text/xsl"?>
<current_observation version="1.0"
	 xmlns:xsd="http://www.w3.org/2001/XMLSchema"
	 xmlns:xsi="http://www.w3.org/2001/XMLSchema-instance"
	 xsi:noNamespaceSchemaLocation="http://www.weather.gov/view/current_observation.xsd">
	<credit>NOAA's National Weather Service</credit>
	<credit_URL>http://weather.gov/</credit_URL>
	<image>
		<url>http://weather.gov/images/xml_logo.gif</url>
		<title>NOAA's National Weather Service</title>
		<link>http://weather.gov</link>
	</image>
	<suggested_pickup>15 minutes after the hour</suggested_pickup>
	<suggested_pickup_period>60</suggested_pickup_period>
	<location>McMullen, McMullen Target Site, TX</location>
	<station_id>KNMT</station_id>
	<latitude>28.23611</latitude>
	<longitude>-98.72417</longitude>
	<observation_time>Last Updated on Jan 6 2015, 3:58 am CST</observation_time>
        <observation_time_rfc822>Tue, 06 Jan 2015 03:58:00 -0600</observation_time_rfc822>
	<weather>Fair</weather>
	<temperature_string>37.0 F (2.8 C)</temperature_string>
	<temp_f>37.0</temp_f>
	<temp_c>2.8</temp_c>
	<relative_humidity>82</relative_humidity>
	<wind_string>South at 6.9 MPH (6 KT)</wind_string>
	<wind_dir>South</wind_dir>
	<wind_degrees>200</wind_degrees>
	<wind_mph>6.9</wind_mph>
	<wind_kt>6</wind_kt>
	<pressure_string>1011.2 mb</pressure_string>
	<pressure_mb>1011.2</pressure_mb>
	<pressure_in>30.40</pressure_in>
	<dewpoint_string>32.0 F (0.0 C)</dewpoint_string>
	<dewpoint_f>32.0</dewpoint_f>
	<dewpoint_c>0.0</dewpoint_c>
	<windchill_string>32 F (0 C)</windchill_string>
      	<windchill_f>32</windchill_f>
      	<windchill_c>0</windchill_c>
 	<icon_url_base>http://forecast.weather.gov/images/wtf/small/</icon_url_base>
	<two_day_history_url>http://www.weather.gov/data/obhistory/KNMT.html</two_day_history_url>
	<icon_url_name>nskc.png</icon_url_name>
	<ob_url>http://www.weather.gov/data/METAR/KNMT.1.txt</ob_url>
	<disclaimer_url>http://weather.gov/disclaimer.html</disclaimer_url>
	<copyright_url>http://weather.gov/disclaimer.html</copyright_url>
	<privacy_policy_url>http://weather.gov/notice.html</privacy_policy_url>
</current_observation>
