<?xml version="1.0" encoding="ISO-8859-1"?> 
<?xml-stylesheet href="latest_ob.xsl" type="text/xsl"?>
<current_observation version="1.0"
	 xmlns:xsd="http://www.w3.org/2001/XMLSchema"
	 xmlns:xsi="http://www.w3.org/2001/XMLSchema-instance"
	 xsi:noNamespaceSchemaLocation="http://www.weather.gov/view/current_observation.xsd">
	<credit>NOAA's National Weather Service</credit>
	<credit_URL>http://weather.gov/</credit_URL>
	<image>
		<url>http://weather.gov/images/xml_logo.gif</url>
		<title>NOAA's National Weather Service</title>
		<link>http://weather.gov</link>
	</image>
	<suggested_pickup>15 minutes after the hour</suggested_pickup>
	<suggested_pickup_period>60</suggested_pickup_period>
	<location>Wolf Point, Clayton Airport, MT</location>
	<station_id>KOLF</station_id>
	<latitude>48.09444</latitude>
	<longitude>-105.57722</longitude>
	<observation_time>Last Updated on Apr 17 2020, 2:53 pm MDT</observation_time>
        <observation_time_rfc822>Fri, 17 Apr 2020 14:53:00 -0600</observation_time_rfc822>
	<weather>Fair and Breezy</weather>
	<temperature_string>60.0 F (15.6 C)</temperature_string>
	<temp_f>60.0</temp_f>
	<temp_c>15.6</temp_c>
	<relative_humidity>22</relative_humidity>
	<wind_string>from the Southwest at 21.9 gusting to 27.6 MPH (19 gusting to 24 KT)</wind_string>
	<wind_dir>Southwest</wind_dir>
	<wind_degrees>230</wind_degrees>
	<wind_mph>21.9</wind_mph>
	<wind_gust_mph>27.6</wind_gust_mph>
	<wind_kt>19</wind_kt>
	<wind_gust_kt>24</wind_gust_kt>
	<pressure_string>1006.3 mb</pressure_string>
	<pressure_mb>1006.3</pressure_mb>
	<pressure_in>29.67</pressure_in>
	<dewpoint_string>21.0 F (-6.1 C)</dewpoint_string>
	<dewpoint_f>21.0</dewpoint_f>
	<dewpoint_c>-6.1</dewpoint_c>
	<windchill_string>56 F (13 C)</windchill_string>
      	<windchill_f>56</windchill_f>
      	<windchill_c>13</windchill_c>
	<visibility_mi>10.00</visibility_mi>
 	<icon_url_base>http://forecast.weather.gov/images/wtf/small/</icon_url_base>
	<two_day_history_url>http://www.weather.gov/data/obhistory/KOLF.html</two_day_history_url>
	<icon_url_name>skc.png</icon_url_name>
	<ob_url>http://www.weather.gov/data/METAR/KOLF.1.txt</ob_url>
	<disclaimer_url>http://weather.gov/disclaimer.html</disclaimer_url>
	<copyright_url>http://weather.gov/disclaimer.html</copyright_url>
	<privacy_policy_url>http://weather.gov/notice.html</privacy_policy_url>
</current_observation>
