<?xml version="1.0" encoding="ISO-8859-1"?> 
<?xml-stylesheet href="latest_ob.xsl" type="text/xsl"?>
<current_observation version="1.0"
	 xmlns:xsd="http://www.w3.org/2001/XMLSchema"
	 xmlns:xsi="http://www.w3.org/2001/XMLSchema-instance"
	 xsi:noNamespaceSchemaLocation="http://www.weather.gov/view/current_observation.xsd">
	<credit>NOAA's National Weather Service</credit>
	<credit_URL>http://weather.gov/</credit_URL>
	<image>
		<url>http://weather.gov/images/xml_logo.gif</url>
		<title>NOAA's National Weather Service</title>
		<link>http://weather.gov</link>
	</image>
	<suggested_pickup>15 minutes after the hour</suggested_pickup>
	<suggested_pickup_period>60</suggested_pickup_period>
	<location>Plattsburgh International Airport , NY</location>
	<station_id>KPBG</station_id>
	<latitude>44.65</latitude>
	<longitude>-73.46667</longitude>
	<observation_time>Last Updated on Apr 17 2020, 4:53 pm EDT</observation_time>
        <observation_time_rfc822>Fri, 17 Apr 2020 16:53:00 -0400</observation_time_rfc822>
	<weather>Overcast</weather>
	<temperature_string>43.0 F (6.1 C)</temperature_string>
	<temp_f>43.0</temp_f>
	<temp_c>6.1</temp_c>
	<relative_humidity>38</relative_humidity>
	<wind_string>from the Northwest at 10.4 gusting to 16.1 MPH (9 gusting to 14 KT)</wind_string>
	<wind_dir>Northwest</wind_dir>
	<wind_degrees>300</wind_degrees>
	<wind_mph>10.4</wind_mph>
	<wind_gust_mph>16.1</wind_gust_mph>
	<wind_kt>9</wind_kt>
	<wind_gust_kt>14</wind_gust_kt>
	<pressure_string>1015.7 mb</pressure_string>
	<pressure_mb>1015.7</pressure_mb>
	<pressure_in>29.99</pressure_in>
	<dewpoint_string>19.0 F (-7.2 C)</dewpoint_string>
	<dewpoint_f>19.0</dewpoint_f>
	<dewpoint_c>-7.2</dewpoint_c>
	<windchill_string>37 F (3 C)</windchill_string>
      	<windchill_f>37</windchill_f>
      	<windchill_c>3</windchill_c>
	<visibility_mi>10.00</visibility_mi>
 	<icon_url_base>http://forecast.weather.gov/images/wtf/small/</icon_url_base>
	<two_day_history_url>http://www.weather.gov/data/obhistory/KPBG.html</two_day_history_url>
	<icon_url_name>ovc.png</icon_url_name>
	<ob_url>http://www.weather.gov/data/METAR/KPBG.1.txt</ob_url>
	<disclaimer_url>http://weather.gov/disclaimer.html</disclaimer_url>
	<copyright_url>http://weather.gov/disclaimer.html</copyright_url>
	<privacy_policy_url>http://weather.gov/notice.html</privacy_policy_url>
</current_observation>
