<?xml version="1.0" encoding="ISO-8859-1"?> 
<?xml-stylesheet href="latest_ob.xsl" type="text/xsl"?>
<current_observation version="1.0"
	 xmlns:xsd="http://www.w3.org/2001/XMLSchema"
	 xmlns:xsi="http://www.w3.org/2001/XMLSchema-instance"
	 xsi:noNamespaceSchemaLocation="http://www.weather.gov/view/current_observation.xsd">
	<credit>NOAA's National Weather Service</credit>
	<credit_URL>http://weather.gov/</credit_URL>
	<image>
		<url>http://weather.gov/images/xml_logo.gif</url>
		<title>NOAA's National Weather Service</title>
		<link>http://weather.gov</link>
	</image>
	<suggested_pickup>15 minutes after the hour</suggested_pickup>
	<suggested_pickup_period>60</suggested_pickup_period>
	<location>Rome, OR</location>
	<station_id>KREO</station_id>
	<latitude>42.59018</latitude>
	<longitude>-117.86458</longitude>
	<observation_time>Last Updated on Apr 17 2020, 2:52 pm MDT</observation_time>
        <observation_time_rfc822>Fri, 17 Apr 2020 14:52:00 -0600</observation_time_rfc822>
	<temperature_string>61.0 F (16.1 C)</temperature_string>
	<temp_f>61.0</temp_f>
	<temp_c>16.1</temp_c>
	<relative_humidity>13</relative_humidity>
	<pressure_string>1015.2 mb</pressure_string>
	<pressure_mb>1015.2</pressure_mb>
	<pressure_in>29.98</pressure_in>
	<dewpoint_string>9.0 F (-12.8 C)</dewpoint_string>
	<dewpoint_f>9.0</dewpoint_f>
	<dewpoint_c>-12.8</dewpoint_c>
	<two_day_history_url>http://www.weather.gov/data/obhistory/KREO.html</two_day_history_url>
	<ob_url>http://www.weather.gov/data/METAR/KREO.1.txt</ob_url>
	<disclaimer_url>http://weather.gov/disclaimer.html</disclaimer_url>
	<copyright_url>http://weather.gov/disclaimer.html</copyright_url>
	<privacy_policy_url>http://weather.gov/notice.html</privacy_policy_url>
</current_observation>
