<?xml version="1.0" encoding="ISO-8859-1"?> 
<?xml-stylesheet href="latest_ob.xsl" type="text/xsl"?>
<current_observation version="1.0"
	 xmlns:xsd="http://www.w3.org/2001/XMLSchema"
	 xmlns:xsi="http://www.w3.org/2001/XMLSchema-instance"
	 xsi:noNamespaceSchemaLocation="http://www.weather.gov/view/current_observation.xsd">
	<credit>NOAA's National Weather Service</credit>
	<credit_URL>http://weather.gov/</credit_URL>
	<image>
		<url>http://weather.gov/images/xml_logo.gif</url>
		<title>NOAA's National Weather Service</title>
		<link>http://weather.gov</link>
	</image>
	<suggested_pickup>15 minutes after the hour</suggested_pickup>
	<suggested_pickup_period>60</suggested_pickup_period>
	<location>Selinsgrove Penn Valley Airport, PA</location>
	<station_id>KSEG</station_id>
	<latitude>40.81929</latitude>
	<longitude>-76.86582</longitude>
	<observation_time>Last Updated on Apr 17 2020, 4:53 pm EDT</observation_time>
        <observation_time_rfc822>Fri, 17 Apr 2020 16:53:00 -0400</observation_time_rfc822>
	<weather>Unknown Precip Fog/Mist</weather>
	<temperature_string>36.0 F (2.2 C)</temperature_string>
	<temp_f>36.0</temp_f>
	<temp_c>2.2</temp_c>
	<relative_humidity>93</relative_humidity>
	<wind_string>Northeast at 4.6 MPH (4 KT)</wind_string>
	<wind_dir>Northeast</wind_dir>
	<wind_degrees>50</wind_degrees>
	<wind_mph>4.6</wind_mph>
	<wind_kt>4</wind_kt>
	<pressure_string>1018.6 mb</pressure_string>
	<pressure_mb>1018.6</pressure_mb>
	<pressure_in>30.07</pressure_in>
	<dewpoint_string>34.0 F (1.1 C)</dewpoint_string>
	<dewpoint_f>34.0</dewpoint_f>
	<dewpoint_c>1.1</dewpoint_c>
	<windchill_string>32 F (0 C)</windchill_string>
      	<windchill_f>32</windchill_f>
      	<windchill_c>0</windchill_c>
	<visibility_mi>4.00</visibility_mi>
	<two_day_history_url>http://www.weather.gov/data/obhistory/KSEG.html</two_day_history_url>
	<ob_url>http://www.weather.gov/data/METAR/KSEG.1.txt</ob_url>
	<disclaimer_url>http://weather.gov/disclaimer.html</disclaimer_url>
	<copyright_url>http://weather.gov/disclaimer.html</copyright_url>
	<privacy_policy_url>http://weather.gov/notice.html</privacy_policy_url>
</current_observation>
