<?xml version="1.0" encoding="ISO-8859-1"?> 
<?xml-stylesheet href="latest_ob.xsl" type="text/xsl"?>
<current_observation version="1.0"
	 xmlns:xsd="http://www.w3.org/2001/XMLSchema"
	 xmlns:xsi="http://www.w3.org/2001/XMLSchema-instance"
	 xsi:noNamespaceSchemaLocation="http://www.weather.gov/view/current_observation.xsd">
	<credit>NOAA's National Weather Service</credit>
	<credit_URL>http://weather.gov/</credit_URL>
	<image>
		<url>http://weather.gov/images/xml_logo.gif</url>
		<title>NOAA's National Weather Service</title>
		<link>http://weather.gov</link>
	</image>
	<suggested_pickup>15 minutes after the hour</suggested_pickup>
	<suggested_pickup_period>60</suggested_pickup_period>
	<location>Spokane, Felts Field, WA</location>
	<station_id>KSFF</station_id>
	<latitude>47.68556</latitude>
	<longitude>-117.32028</longitude>
	<observation_time>Last Updated on Apr 17 2020, 1:53 pm PDT</observation_time>
        <observation_time_rfc822>Fri, 17 Apr 2020 13:53:00 -0700</observation_time_rfc822>
	<weather>Fair</weather>
	<temperature_string>60.0 F (15.6 C)</temperature_string>
	<temp_f>60.0</temp_f>
	<temp_c>15.6</temp_c>
	<relative_humidity>20</relative_humidity>
	<wind_string>Variable at 4.6 MPH (4 KT)</wind_string>
	<wind_dir>Variable</wind_dir>
	<wind_degrees>999</wind_degrees>
	<wind_mph>4.6</wind_mph>
	<wind_kt>4</wind_kt>
	<pressure_string>1013.3 mb</pressure_string>
	<pressure_mb>1013.3</pressure_mb>
	<pressure_in>29.92</pressure_in>
	<dewpoint_string>19.0 F (-7.2 C)</dewpoint_string>
	<dewpoint_f>19.0</dewpoint_f>
	<dewpoint_c>-7.2</dewpoint_c>
	<windchill_string>60 F (16 C)</windchill_string>
      	<windchill_f>60</windchill_f>
      	<windchill_c>16</windchill_c>
	<visibility_mi>10.00</visibility_mi>
 	<icon_url_base>http://forecast.weather.gov/images/wtf/small/</icon_url_base>
	<two_day_history_url>http://www.weather.gov/data/obhistory/KSFF.html</two_day_history_url>
	<icon_url_name>skc.png</icon_url_name>
	<ob_url>http://www.weather.gov/data/METAR/KSFF.1.txt</ob_url>
	<disclaimer_url>http://weather.gov/disclaimer.html</disclaimer_url>
	<copyright_url>http://weather.gov/disclaimer.html</copyright_url>
	<privacy_policy_url>http://weather.gov/notice.html</privacy_policy_url>
</current_observation>
