<?xml version="1.0" encoding="ISO-8859-1"?> 
<?xml-stylesheet href="latest_ob.xsl" type="text/xsl"?>
<current_observation version="1.0"
	 xmlns:xsd="http://www.w3.org/2001/XMLSchema"
	 xmlns:xsi="http://www.w3.org/2001/XMLSchema-instance"
	 xsi:noNamespaceSchemaLocation="http://www.weather.gov/view/current_observation.xsd">
	<credit>NOAA's National Weather Service</credit>
	<credit_URL>http://weather.gov/</credit_URL>
	<image>
		<url>http://weather.gov/images/xml_logo.gif</url>
		<title>NOAA's National Weather Service</title>
		<link>http://weather.gov</link>
	</image>
	<suggested_pickup>15 minutes after the hour</suggested_pickup>
	<suggested_pickup_period>60</suggested_pickup_period>
	<location>Los Alamitos Army Airfield, CA</location>
	<station_id>KSLI</station_id>
	<latitude>33.79628</latitude>
	<longitude>-118.04179</longitude>
	<observation_time>Last Updated on Apr 17 2020, 12:58 pm PDT</observation_time>
        <observation_time_rfc822>Fri, 17 Apr 2020 12:58:00 -0700</observation_time_rfc822>
	<weather>Mostly Cloudy</weather>
	<temperature_string>66.0 F (19.0 C)</temperature_string>
	<temp_f>66.0</temp_f>
	<temp_c>19.0</temp_c>
	<relative_humidity>60</relative_humidity>
	<wind_string>from the Southwest at 12.7 gusting to 19.6 MPH (11 gusting to 17 KT)</wind_string>
	<wind_dir>Southwest</wind_dir>
	<wind_degrees>210</wind_degrees>
	<wind_mph>12.7</wind_mph>
	<wind_gust_mph>19.6</wind_gust_mph>
	<wind_kt>11</wind_kt>
	<wind_gust_kt>17</wind_gust_kt>
	<pressure_string>1015.5 mb</pressure_string>
	<pressure_mb>1015.5</pressure_mb>
	<pressure_in>29.98</pressure_in>
	<dewpoint_string>52.0 F (11.1 C)</dewpoint_string>
	<dewpoint_f>52.0</dewpoint_f>
	<dewpoint_c>11.1</dewpoint_c>
	<visibility_mi>10.00</visibility_mi>
 	<icon_url_base>http://forecast.weather.gov/images/wtf/small/</icon_url_base>
	<two_day_history_url>http://www.weather.gov/data/obhistory/KSLI.html</two_day_history_url>
	<icon_url_name>bkn.png</icon_url_name>
	<ob_url>http://www.weather.gov/data/METAR/KSLI.1.txt</ob_url>
	<disclaimer_url>http://weather.gov/disclaimer.html</disclaimer_url>
	<copyright_url>http://weather.gov/disclaimer.html</copyright_url>
	<privacy_policy_url>http://weather.gov/notice.html</privacy_policy_url>
</current_observation>
