<?xml version="1.0" encoding="ISO-8859-1"?> 
<?xml-stylesheet href="latest_ob.xsl" type="text/xsl"?>
<current_observation version="1.0"
	 xmlns:xsd="http://www.w3.org/2001/XMLSchema"
	 xmlns:xsi="http://www.w3.org/2001/XMLSchema-instance"
	 xsi:noNamespaceSchemaLocation="http://www.weather.gov/view/current_observation.xsd">
	<credit>NOAA's National Weather Service</credit>
	<credit_URL>http://weather.gov/</credit_URL>
	<image>
		<url>http://weather.gov/images/xml_logo.gif</url>
		<title>NOAA's National Weather Service</title>
		<link>http://weather.gov</link>
	</image>
	<suggested_pickup>15 minutes after the hour</suggested_pickup>
	<suggested_pickup_period>60</suggested_pickup_period>
	<location>Troy, Troy Municipal Airport, AL</location>
	<station_id>KTOI</station_id>
	<latitude>31.86056</latitude>
	<longitude>-86.01222</longitude>
	<observation_time>Last Updated on Apr 17 2020, 3:53 pm CDT</observation_time>
        <observation_time_rfc822>Fri, 17 Apr 2020 15:53:00 -0500</observation_time_rfc822>
	<weather>Fair</weather>
	<temperature_string>79.0 F (26.1 C)</temperature_string>
	<temp_f>79.0</temp_f>
	<temp_c>26.1</temp_c>
	<relative_humidity>42</relative_humidity>
	<wind_string>Southeast at 10.4 MPH (9 KT)</wind_string>
	<wind_dir>Southeast</wind_dir>
	<wind_degrees>130</wind_degrees>
	<wind_mph>10.4</wind_mph>
	<wind_kt>9</wind_kt>
	<pressure_string>1018.4 mb</pressure_string>
	<pressure_mb>1018.4</pressure_mb>
	<pressure_in>30.08</pressure_in>
	<dewpoint_string>54.0 F (12.2 C)</dewpoint_string>
	<dewpoint_f>54.0</dewpoint_f>
	<dewpoint_c>12.2</dewpoint_c>
	<visibility_mi>10.00</visibility_mi>
 	<icon_url_base>http://forecast.weather.gov/images/wtf/small/</icon_url_base>
	<two_day_history_url>http://www.weather.gov/data/obhistory/KTOI.html</two_day_history_url>
	<icon_url_name>skc.png</icon_url_name>
	<ob_url>http://www.weather.gov/data/METAR/KTOI.1.txt</ob_url>
	<disclaimer_url>http://weather.gov/disclaimer.html</disclaimer_url>
	<copyright_url>http://weather.gov/disclaimer.html</copyright_url>
	<privacy_policy_url>http://weather.gov/notice.html</privacy_policy_url>
</current_observation>
