<?xml version="1.0" encoding="ISO-8859-1"?> 
<?xml-stylesheet href="latest_ob.xsl" type="text/xsl"?>
<current_observation version="1.0"
	 xmlns:xsd="http://www.w3.org/2001/XMLSchema"
	 xmlns:xsi="http://www.w3.org/2001/XMLSchema-instance"
	 xsi:noNamespaceSchemaLocation="http://www.weather.gov/view/current_observation.xsd">
	<credit>NOAA's National Weather Service</credit>
	<credit_URL>http://weather.gov/</credit_URL>
	<image>
		<url>http://weather.gov/images/xml_logo.gif</url>
		<title>NOAA's National Weather Service</title>
		<link>http://weather.gov</link>
	</image>
	<suggested_pickup>15 minutes after the hour</suggested_pickup>
	<suggested_pickup_period>60</suggested_pickup_period>
	<location>Volk / Camp Douglas, WI</location>
	<station_id>KVOK</station_id>
	<latitude>43.93333</latitude>
	<longitude>-90.26667</longitude>
	<observation_time>Last Updated on Apr 17 2020, 3:56 pm CDT</observation_time>
        <observation_time_rfc822>Fri, 17 Apr 2020 15:56:00 -0500</observation_time_rfc822>
	<weather>Mostly Cloudy</weather>
	<temperature_string>51.0 F (10.3 C)</temperature_string>
	<temp_f>51.0</temp_f>
	<temp_c>10.3</temp_c>
	<relative_humidity>29</relative_humidity>
	<wind_string>from the West at 16.1 gusting to 28.8 MPH (14 gusting to 25 KT)</wind_string>
	<wind_dir>West</wind_dir>
	<wind_degrees>270</wind_degrees>
	<wind_mph>16.1</wind_mph>
	<wind_gust_mph>28.8</wind_gust_mph>
	<wind_kt>14</wind_kt>
	<wind_gust_kt>25</wind_gust_kt>
	<pressure_string>1014.6 mb</pressure_string>
	<pressure_mb>1014.6</pressure_mb>
	<pressure_in>29.93</pressure_in>
	<dewpoint_string>19.4 F (-7.0 C)</dewpoint_string>
	<dewpoint_f>19.4</dewpoint_f>
	<dewpoint_c>-7.0</dewpoint_c>
	<windchill_string>46 F (8 C)</windchill_string>
      	<windchill_f>46</windchill_f>
      	<windchill_c>8</windchill_c>
	<visibility_mi>10.00</visibility_mi>
 	<icon_url_base>http://forecast.weather.gov/images/wtf/small/</icon_url_base>
	<two_day_history_url>http://www.weather.gov/data/obhistory/KVOK.html</two_day_history_url>
	<icon_url_name>bkn.png</icon_url_name>
	<ob_url>http://www.weather.gov/data/METAR/KVOK.1.txt</ob_url>
	<disclaimer_url>http://weather.gov/disclaimer.html</disclaimer_url>
	<copyright_url>http://weather.gov/disclaimer.html</copyright_url>
	<privacy_policy_url>http://weather.gov/notice.html</privacy_policy_url>
</current_observation>
