<?xml version="1.0" encoding="ISO-8859-1"?> 
<?xml-stylesheet href="latest_ob.xsl" type="text/xsl"?>
<current_observation version="1.0"
	 xmlns:xsd="http://www.w3.org/2001/XMLSchema"
	 xmlns:xsi="http://www.w3.org/2001/XMLSchema-instance"
	 xsi:noNamespaceSchemaLocation="http://www.weather.gov/view/current_observation.xsd">
	<credit>NOAA's National Weather Service</credit>
	<credit_URL>http://weather.gov/</credit_URL>
	<image>
		<url>http://weather.gov/images/xml_logo.gif</url>
		<title>NOAA's National Weather Service</title>
		<link>http://weather.gov</link>
	</image>
	<suggested_pickup>15 minutes after the hour</suggested_pickup>
	<suggested_pickup_period>60</suggested_pickup_period>
	<location>Albemarle, Stanly County Airport, NC</location>
	<station_id>KVUJ</station_id>
	<latitude>35.41667</latitude>
	<longitude>-80.15083</longitude>
	<observation_time>Last Updated on Apr 17 2020, 4:35 pm EDT</observation_time>
        <observation_time_rfc822>Fri, 17 Apr 2020 16:35:00 -0400</observation_time_rfc822>
	<weather>Fair</weather>
	<temperature_string>72.0 F (22.0 C)</temperature_string>
	<temp_f>72.0</temp_f>
	<temp_c>22.0</temp_c>
	<relative_humidity>28</relative_humidity>
	<wind_string>from the Southwest at 17.3 gusting to 27.6 MPH (15 gusting to 24 KT)</wind_string>
	<wind_dir>Southwest</wind_dir>
	<wind_degrees>220</wind_degrees>
	<wind_mph>17.3</wind_mph>
	<wind_gust_mph>27.6</wind_gust_mph>
	<wind_kt>15</wind_kt>
	<wind_gust_kt>24</wind_gust_kt>
	<pressure_in>30.12</pressure_in>
	<dewpoint_string>36.5 F (2.5 C)</dewpoint_string>
	<dewpoint_f>36.5</dewpoint_f>
	<dewpoint_c>2.5</dewpoint_c>
	<visibility_mi>10.00</visibility_mi>
 	<icon_url_base>http://forecast.weather.gov/images/wtf/small/</icon_url_base>
	<two_day_history_url>http://www.weather.gov/data/obhistory/KVUJ.html</two_day_history_url>
	<icon_url_name>skc.png</icon_url_name>
	<ob_url>http://www.weather.gov/data/METAR/KVUJ.1.txt</ob_url>
	<disclaimer_url>http://weather.gov/disclaimer.html</disclaimer_url>
	<copyright_url>http://weather.gov/disclaimer.html</copyright_url>
	<privacy_policy_url>http://weather.gov/notice.html</privacy_policy_url>
</current_observation>
