<?xml version="1.0" encoding="ISO-8859-1"?> 
<?xml-stylesheet href="latest_ob.xsl" type="text/xsl"?>
<current_observation version="1.0"
	 xmlns:xsd="http://www.w3.org/2001/XMLSchema"
	 xmlns:xsi="http://www.w3.org/2001/XMLSchema-instance"
	 xsi:noNamespaceSchemaLocation="http://www.weather.gov/view/current_observation.xsd">
	<credit>NOAA's National Weather Service</credit>
	<credit_URL>http://weather.gov/</credit_URL>
	<image>
		<url>http://weather.gov/images/xml_logo.gif</url>
		<title>NOAA's National Weather Service</title>
		<link>http://weather.gov</link>
	</image>
	<suggested_pickup>15 minutes after the hour</suggested_pickup>
	<suggested_pickup_period>60</suggested_pickup_period>
	<location>High Island 179A (Apache Corp), LA</location>
	<station_id>KXIH</station_id>
	<latitude>29.18</latitude>
	<longitude>-94.521</longitude>
	<observation_time>Last Updated on Mar 27 2020, 8:40 am CDT</observation_time>
        <observation_time_rfc822>Fri, 27 Mar 2020 08:40:00 -0500</observation_time_rfc822>
	<weather>Haze and Breezy</weather>
	<temperature_string>73.0 F (23.0 C)</temperature_string>
	<temp_f>73.0</temp_f>
	<temp_c>23.0</temp_c>
	<wind_string>South at 21.9 MPH (19 KT)</wind_string>
	<wind_dir>South</wind_dir>
	<wind_degrees>180</wind_degrees>
	<wind_mph>21.9</wind_mph>
	<wind_kt>19</wind_kt>
	<pressure_in>29.81</pressure_in>
	<visibility_mi>4.00</visibility_mi>
	<two_day_history_url>http://www.weather.gov/data/obhistory/KXIH.html</two_day_history_url>
	<ob_url>http://www.weather.gov/data/METAR/KXIH.1.txt</ob_url>
	<disclaimer_url>http://weather.gov/disclaimer.html</disclaimer_url>
	<copyright_url>http://weather.gov/disclaimer.html</copyright_url>
	<privacy_policy_url>http://weather.gov/notice.html</privacy_policy_url>
</current_observation>
