<?xml version="1.0" encoding="ISO-8859-1"?> 
<?xml-stylesheet href="latest_ob.xsl" type="text/xsl"?>
<current_observation version="1.0"
	 xmlns:xsd="http://www.w3.org/2001/XMLSchema"
	 xmlns:xsi="http://www.w3.org/2001/XMLSchema-instance"
	 xsi:noNamespaceSchemaLocation="http://www.weather.gov/view/current_observation.xsd">
	<credit>NOAA's National Weather Service</credit>
	<credit_URL>http://weather.gov/</credit_URL>
	<image>
		<url>http://weather.gov/images/xml_logo.gif</url>
		<title>NOAA's National Weather Service</title>
		<link>http://weather.gov</link>
	</image>
	<suggested_pickup>15 minutes after the hour</suggested_pickup>
	<suggested_pickup_period>60</suggested_pickup_period>
	<location>Williston Basin International Airport, ND</location>
	<station_id>KXWA</station_id>
	<latitude>48.26086</latitude>
	<longitude>-103.75114</longitude>
	<observation_time>Last Updated on Apr 17 2020, 3:51 pm CDT</observation_time>
        <observation_time_rfc822>Fri, 17 Apr 2020 15:51:00 -0500</observation_time_rfc822>
	<weather>Fair and Breezy</weather>
	<temperature_string>58.0 F (14.4 C)</temperature_string>
	<temp_f>58.0</temp_f>
	<temp_c>14.4</temp_c>
	<relative_humidity>18</relative_humidity>
	<wind_string>from the West at 24.2 gusting to 35.7 MPH (21 gusting to 31 KT)</wind_string>
	<wind_dir>West</wind_dir>
	<wind_degrees>260</wind_degrees>
	<wind_mph>24.2</wind_mph>
	<wind_gust_mph>35.7</wind_gust_mph>
	<wind_kt>21</wind_kt>
	<wind_gust_kt>31</wind_gust_kt>
	<pressure_string>989.9 mb</pressure_string>
	<pressure_mb>989.9</pressure_mb>
	<pressure_in>29.65</pressure_in>
	<dewpoint_string>15.1 F (-9.4 C)</dewpoint_string>
	<dewpoint_f>15.1</dewpoint_f>
	<dewpoint_c>-9.4</dewpoint_c>
	<windchill_string>54 F (12 C)</windchill_string>
      	<windchill_f>54</windchill_f>
      	<windchill_c>12</windchill_c>
	<visibility_mi>10.00</visibility_mi>
 	<icon_url_base>http://forecast.weather.gov/images/wtf/small/</icon_url_base>
	<two_day_history_url>http://www.weather.gov/data/obhistory/KXWA.html</two_day_history_url>
	<icon_url_name>skc.png</icon_url_name>
	<ob_url>http://www.weather.gov/data/METAR/KXWA.1.txt</ob_url>
	<disclaimer_url>http://weather.gov/disclaimer.html</disclaimer_url>
	<copyright_url>http://weather.gov/disclaimer.html</copyright_url>
	<privacy_policy_url>http://weather.gov/notice.html</privacy_policy_url>
</current_observation>
