<?xml version="1.0" encoding="ISO-8859-1"?> 
<?xml-stylesheet href="latest_ob.xsl" type="text/xsl"?>
<current_observation version="1.0"
	 xmlns:xsd="http://www.w3.org/2001/XMLSchema"
	 xmlns:xsi="http://www.w3.org/2001/XMLSchema-instance"
	 xsi:noNamespaceSchemaLocation="http://www.weather.gov/view/current_observation.xsd">
	<credit>NOAA's National Weather Service</credit>
	<credit_URL>http://weather.gov/</credit_URL>
	<image>
		<url>http://weather.gov/images/xml_logo.gif</url>
		<title>NOAA's National Weather Service</title>
		<link>http://weather.gov</link>
	</image>
	<suggested_pickup>15 minutes after the hour</suggested_pickup>
	<suggested_pickup_period>60</suggested_pickup_period>
	<location>Media Luna, La Parguera, PR</location>
	<station_id>LPRP4</station_id>
	<latitude>17.939</latitude>
	<longitude>-67.052</longitude>
	<observation_time>Last Updated on Mar 17 2013, 12:00 am NST </observation_time>
        <observation_time_rfc822>Sun, 17 Mar 2013 00:00:00 +0000</observation_time_rfc822>
	<temperature_string>74.7 F (23.7 C)</temperature_string>
	<temp_f>74.7</temp_f>
	<temp_c>23.7</temp_c>
	<water_temp_f>79.5</water_temp_f>
	<water_temp_c>26.4</water_temp_c>
	<wind_string>North at 3.4 MPH (2.92 KT)</wind_string>
	<wind_dir>North</wind_dir>
	<wind_degrees>350</wind_degrees>
	<wind_mph>3.4</wind_mph>
	<wind_gust_mph>0.0</wind_gust_mph>
	<wind_kt>2.92</wind_kt>
	<pressure_string>1015.9 mb</pressure_string>
	<pressure_mb>1015.9</pressure_mb>
	<pressure_tendency_mb>1.3</pressure_tendency_mb>
	<dewpoint_string>67.6 F (19.8 C)</dewpoint_string>
	<dewpoint_f>67.6</dewpoint_f>
	<dewpoint_c>19.8</dewpoint_c>
	<mean_wave_dir>Northeast</mean_wave_dir>
	<mean_wave_degrees></mean_wave_degrees>
	<disclaimer_url>http://weather.gov/disclaimer.html</disclaimer_url>
	<copyright_url>http://weather.gov/disclaimer.html</copyright_url>
	<privacy_policy_url>http://weather.gov/notice.html</privacy_policy_url>
</current_observation>
