<?xml version="1.0" encoding="ISO-8859-1"?> 
<?xml-stylesheet href="latest_ob.xsl" type="text/xsl"?>
<current_observation version="1.0"
	 xmlns:xsd="http://www.w3.org/2001/XMLSchema"
	 xmlns:xsi="http://www.w3.org/2001/XMLSchema-instance"
	 xsi:noNamespaceSchemaLocation="http://www.weather.gov/view/current_observation.xsd">
	<credit>NOAA's National Weather Service</credit>
	<credit_URL>http://weather.gov/</credit_URL>
	<image>
		<url>http://weather.gov/images/xml_logo.gif</url>
		<title>NOAA's National Weather Service</title>
		<link>http://weather.gov</link>
	</image>
	<suggested_pickup>15 minutes after the hour</suggested_pickup>
	<suggested_pickup_period>60</suggested_pickup_period>
	<location>Unknown Station</location>
	<station_id>MACM4</station_id>
	<observation_time>Last Updated on Sep 18 2018, 12:18 pm ADT</observation_time>
        <observation_time_rfc822>Tue, 18 Sep 2018 12:18:00 -0300</observation_time_rfc822>
	<temperature_string>58.6 F (14.8 C)</temperature_string>
	<temp_f>58.6</temp_f>
	<temp_c>14.8</temp_c>
	<water_temp_f>67.6</water_temp_f>
	<water_temp_c>19.8</water_temp_c>
	<wind_string>Northeast at 4.7 MPH (4.08 KT)</wind_string>
	<wind_dir>Northeast</wind_dir>
	<wind_degrees>50</wind_degrees>
	<wind_mph>4.7</wind_mph>
	<wind_gust_mph>0.0</wind_gust_mph>
	<wind_kt>4.08</wind_kt>
	<pressure_string>1015.1 mb</pressure_string>
	<pressure_mb>1015.1</pressure_mb>
	<dewpoint_string>47.1 F (8.4 C)</dewpoint_string>
	<dewpoint_f>47.1</dewpoint_f>
	<dewpoint_c>8.4</dewpoint_c>
	<windchill_string>58 F (14 C)</windchill_string>
      	<windchill_f>58</windchill_f>
      	<windchill_c>14</windchill_c>
	<disclaimer_url>http://weather.gov/disclaimer.html</disclaimer_url>
	<copyright_url>http://weather.gov/disclaimer.html</copyright_url>
	<privacy_policy_url>http://weather.gov/notice.html</privacy_policy_url>
</current_observation>
