<?xml version="1.0" encoding="ISO-8859-1"?> 
<?xml-stylesheet href="latest_ob.xsl" type="text/xsl"?>
<current_observation version="1.0"
	 xmlns:xsd="http://www.w3.org/2001/XMLSchema"
	 xmlns:xsi="http://www.w3.org/2001/XMLSchema-instance"
	 xsi:noNamespaceSchemaLocation="http://www.weather.gov/view/current_observation.xsd">
	<credit>NOAA's National Weather Service</credit>
	<credit_URL>http://weather.gov/</credit_URL>
	<image>
		<url>http://weather.gov/images/xml_logo.gif</url>
		<title>NOAA's National Weather Service</title>
		<link>http://weather.gov</link>
	</image>
	<suggested_pickup>15 minutes after the hour</suggested_pickup>
	<suggested_pickup_period>60</suggested_pickup_period>
	<location>Providenciales</location>
	<station_id>MBPV</station_id>
	<latitude>21.7736</latitude>
	<longitude>-72.2659</longitude>
	<observation_time>Last Updated on Apr 17 2020, 4:00 pm EDT</observation_time>
        <observation_time_rfc822>Fri, 17 Apr 2020 16:00:00 -0400</observation_time_rfc822>
	<weather>Partly Cloudy</weather>
	<temperature_string>84.0 F (29.0 C)</temperature_string>
	<temp_f>84.0</temp_f>
	<temp_c>29.0</temp_c>
	<relative_humidity>62</relative_humidity>
	<wind_string>Southeast at 11.5 MPH (10 KT)</wind_string>
	<wind_dir>Southeast</wind_dir>
	<wind_degrees>140</wind_degrees>
	<wind_mph>11.5</wind_mph>
	<wind_kt>10</wind_kt>
	<dewpoint_string>69.8 F (21.0 C)</dewpoint_string>
	<dewpoint_f>69.8</dewpoint_f>
	<dewpoint_c>21.0</dewpoint_c>
	<heat_index_string>88 F (31 C)</heat_index_string>
      	<heat_index_f>88</heat_index_f>
      	<heat_index_c>31</heat_index_c>
 	<icon_url_base>http://forecast.weather.gov/images/wtf/small/</icon_url_base>
	<two_day_history_url>http://www.weather.gov/data/obhistory/MBPV.html</two_day_history_url>
	<icon_url_name>sct.png</icon_url_name>
	<ob_url>http://www.weather.gov/data/METAR/MBPV.1.txt</ob_url>
	<disclaimer_url>http://weather.gov/disclaimer.html</disclaimer_url>
	<copyright_url>http://weather.gov/disclaimer.html</copyright_url>
	<privacy_policy_url>http://weather.gov/notice.html</privacy_policy_url>
</current_observation>
