<?xml version="1.0" encoding="ISO-8859-1"?> 
<?xml-stylesheet href="latest_ob.xsl" type="text/xsl"?>
<current_observation version="1.0"
	 xmlns:xsd="http://www.w3.org/2001/XMLSchema"
	 xmlns:xsi="http://www.w3.org/2001/XMLSchema-instance"
	 xsi:noNamespaceSchemaLocation="http://www.weather.gov/view/current_observation.xsd">
	<credit>NOAA's National Weather Service</credit>
	<credit_URL>http://weather.gov/</credit_URL>
	<image>
		<url>http://weather.gov/images/xml_logo.gif</url>
		<title>NOAA's National Weather Service</title>
		<link>http://weather.gov</link>
	</image>
	<suggested_pickup>15 minutes after the hour</suggested_pickup>
	<suggested_pickup_period>60</suggested_pickup_period>
	<location>Guatemala International Airport</location>
	<station_id>MGGT</station_id>
	<latitude>14.5833</latitude>
	<longitude>-90.5275</longitude>
	<observation_time>Last Updated on Apr 17 2020, 2:00 pm CST</observation_time>
        <observation_time_rfc822>Fri, 17 Apr 2020 14:00:00 -0600</observation_time_rfc822>
	<weather>Partly Cloudy with Haze</weather>
	<temperature_string>84.0 F (29.0 C)</temperature_string>
	<temp_f>84.0</temp_f>
	<temp_c>29.0</temp_c>
	<relative_humidity>33</relative_humidity>
	<wind_string>Northeast at 13.8 MPH (12 KT)</wind_string>
	<wind_dir>Northeast</wind_dir>
	<wind_degrees>60</wind_degrees>
	<wind_mph>13.8</wind_mph>
	<wind_kt>12</wind_kt>
	<pressure_in>30.27</pressure_in>
	<dewpoint_string>51.8 F (11.0 C)</dewpoint_string>
	<dewpoint_f>51.8</dewpoint_f>
	<dewpoint_c>11.0</dewpoint_c>
	<heat_index_string>82 F (28 C)</heat_index_string>
      	<heat_index_f>82</heat_index_f>
      	<heat_index_c>28</heat_index_c>
 	<icon_url_base>http://forecast.weather.gov/images/wtf/small/</icon_url_base>
	<two_day_history_url>http://www.weather.gov/data/obhistory/MGGT.html</two_day_history_url>
	<icon_url_name>sct.png</icon_url_name>
	<ob_url>http://www.weather.gov/data/METAR/MGGT.1.txt</ob_url>
	<disclaimer_url>http://weather.gov/disclaimer.html</disclaimer_url>
	<copyright_url>http://weather.gov/disclaimer.html</copyright_url>
	<privacy_policy_url>http://weather.gov/notice.html</privacy_policy_url>
</current_observation>
