<?xml version="1.0" encoding="ISO-8859-1"?> 
<?xml-stylesheet href="latest_ob.xsl" type="text/xsl"?>
<current_observation version="1.0"
	 xmlns:xsd="http://www.w3.org/2001/XMLSchema"
	 xmlns:xsi="http://www.w3.org/2001/XMLSchema-instance"
	 xsi:noNamespaceSchemaLocation="http://www.weather.gov/view/current_observation.xsd">
	<credit>NOAA's National Weather Service</credit>
	<credit_URL>http://weather.gov/</credit_URL>
	<image>
		<url>http://weather.gov/images/xml_logo.gif</url>
		<title>NOAA's National Weather Service</title>
		<link>http://weather.gov</link>
	</image>
	<suggested_pickup>15 minutes after the hour</suggested_pickup>
	<suggested_pickup_period>60</suggested_pickup_period>
	<location>Unknown Station</location>
	<station_id>MGMM</station_id>
	<observation_time>Last Updated on Feb 8 2017, 9:00 pm CST</observation_time>
        <observation_time_rfc822>Wed, 08 Feb 2017 21:00:00 -0600</observation_time_rfc822>
	<temperature_string>75.0 F (24.0 C)</temperature_string>
	<temp_f>75.0</temp_f>
	<temp_c>24.0</temp_c>
	<relative_humidity>89</relative_humidity>
	<wind_string>East at 4.6 MPH (4 KT)</wind_string>
	<wind_dir>East</wind_dir>
	<wind_degrees>110</wind_degrees>
	<wind_mph>4.6</wind_mph>
	<wind_kt>4</wind_kt>
	<pressure_in>29.97</pressure_in>
	<dewpoint_string>71.6 F (22.0 C)</dewpoint_string>
	<dewpoint_f>71.6</dewpoint_f>
	<dewpoint_c>22.0</dewpoint_c>
	<two_day_history_url>http://www.weather.gov/data/obhistory/MGMM.html</two_day_history_url>
	<ob_url>http://www.weather.gov/data/METAR/MGMM.1.txt</ob_url>
	<disclaimer_url>http://weather.gov/disclaimer.html</disclaimer_url>
	<copyright_url>http://weather.gov/disclaimer.html</copyright_url>
	<privacy_policy_url>http://weather.gov/notice.html</privacy_policy_url>
</current_observation>
