<?xml version="1.0" encoding="ISO-8859-1"?> 
<?xml-stylesheet href="latest_ob.xsl" type="text/xsl"?>
<current_observation version="1.0"
	 xmlns:xsd="http://www.w3.org/2001/XMLSchema"
	 xmlns:xsi="http://www.w3.org/2001/XMLSchema-instance"
	 xsi:noNamespaceSchemaLocation="http://www.weather.gov/view/current_observation.xsd">
	<credit>NOAA's National Weather Service</credit>
	<credit_URL>http://weather.gov/</credit_URL>
	<image>
		<url>http://weather.gov/images/xml_logo.gif</url>
		<title>NOAA's National Weather Service</title>
		<link>http://weather.gov</link>
	</image>
	<suggested_pickup>15 minutes after the hour</suggested_pickup>
	<suggested_pickup_period>60</suggested_pickup_period>
	<location>Guanaja</location>
	<station_id>MHNO</station_id>
	<latitude>14.43577</latitude>
	<longitude>-89.18375</longitude>
	<observation_time>Last Updated on Apr 17 2020, 2:00 pm CST</observation_time>
        <observation_time_rfc822>Fri, 17 Apr 2020 14:00:00 -0600</observation_time_rfc822>
	<weather>Smoke</weather>
	<temperature_string>93.0 F (34.0 C)</temperature_string>
	<temp_f>93.0</temp_f>
	<temp_c>34.0</temp_c>
	<relative_humidity>50</relative_humidity>
	<wind_string>North at 4.6 MPH (4 KT)</wind_string>
	<wind_dir>North</wind_dir>
	<wind_degrees>360</wind_degrees>
	<wind_mph>4.6</wind_mph>
	<wind_kt>4</wind_kt>
	<dewpoint_string>71.6 F (22.0 C)</dewpoint_string>
	<dewpoint_f>71.6</dewpoint_f>
	<dewpoint_c>22.0</dewpoint_c>
	<heat_index_string>100 F (38 C)</heat_index_string>
      	<heat_index_f>100</heat_index_f>
      	<heat_index_c>38</heat_index_c>
 	<icon_url_base>http://forecast.weather.gov/images/wtf/small/</icon_url_base>
	<two_day_history_url>http://www.weather.gov/data/obhistory/MHNO.html</two_day_history_url>
	<icon_url_name>smoke.png</icon_url_name>
	<ob_url>http://www.weather.gov/data/METAR/MHNO.1.txt</ob_url>
	<disclaimer_url>http://weather.gov/disclaimer.html</disclaimer_url>
	<copyright_url>http://weather.gov/disclaimer.html</copyright_url>
	<privacy_policy_url>http://weather.gov/notice.html</privacy_policy_url>
</current_observation>
