<?xml version="1.0" encoding="ISO-8859-1"?> 
<?xml-stylesheet href="latest_ob.xsl" type="text/xsl"?>
<current_observation version="1.0"
	 xmlns:xsd="http://www.w3.org/2001/XMLSchema"
	 xmlns:xsi="http://www.w3.org/2001/XMLSchema-instance"
	 xsi:noNamespaceSchemaLocation="http://www.weather.gov/view/current_observation.xsd">
	<credit>NOAA's National Weather Service</credit>
	<credit_URL>http://weather.gov/</credit_URL>
	<image>
		<url>http://weather.gov/images/xml_logo.gif</url>
		<title>NOAA's National Weather Service</title>
		<link>http://weather.gov</link>
	</image>
	<suggested_pickup>15 minutes after the hour</suggested_pickup>
	<suggested_pickup_period>60</suggested_pickup_period>
	<location>Palmerola Airport</location>
	<station_id>MHSC</station_id>
	<latitude>14.3824</latitude>
	<longitude>-87.6212</longitude>
	<observation_time>Last Updated on Apr 17 2020, 1:58 pm CST</observation_time>
        <observation_time_rfc822>Fri, 17 Apr 2020 13:58:00 -0600</observation_time_rfc822>
	<weather>Smoke</weather>
	<temperature_string>95.0 F (35.2 C)</temperature_string>
	<temp_f>95.0</temp_f>
	<temp_c>35.2</temp_c>
	<relative_humidity>17</relative_humidity>
	<wind_string>from the East at 11.5 gusting to 19.6 MPH (10 gusting to 17 KT)</wind_string>
	<wind_dir>East</wind_dir>
	<wind_degrees>80</wind_degrees>
	<wind_mph>11.5</wind_mph>
	<wind_gust_mph>19.6</wind_gust_mph>
	<wind_kt>10</wind_kt>
	<wind_gust_kt>17</wind_gust_kt>
	<pressure_string>1010.5 mb</pressure_string>
	<pressure_mb>1010.5</pressure_mb>
	<pressure_in>29.98</pressure_in>
	<dewpoint_string>43.5 F (6.4 C)</dewpoint_string>
	<dewpoint_f>43.5</dewpoint_f>
	<dewpoint_c>6.4</dewpoint_c>
	<heat_index_string>91 F (33 C)</heat_index_string>
      	<heat_index_f>91</heat_index_f>
      	<heat_index_c>33</heat_index_c>
 	<icon_url_base>http://forecast.weather.gov/images/wtf/small/</icon_url_base>
	<two_day_history_url>http://www.weather.gov/data/obhistory/MHSC.html</two_day_history_url>
	<icon_url_name>smoke.png</icon_url_name>
	<ob_url>http://www.weather.gov/data/METAR/MHSC.1.txt</ob_url>
	<disclaimer_url>http://weather.gov/disclaimer.html</disclaimer_url>
	<copyright_url>http://weather.gov/disclaimer.html</copyright_url>
	<privacy_policy_url>http://weather.gov/notice.html</privacy_policy_url>
</current_observation>
