<?xml version="1.0" encoding="ISO-8859-1"?> 
<?xml-stylesheet href="latest_ob.xsl" type="text/xsl"?>
<current_observation version="1.0"
	 xmlns:xsd="http://www.w3.org/2001/XMLSchema"
	 xmlns:xsi="http://www.w3.org/2001/XMLSchema-instance"
	 xsi:noNamespaceSchemaLocation="http://www.weather.gov/view/current_observation.xsd">
	<credit>NOAA's National Weather Service</credit>
	<credit_URL>http://weather.gov/</credit_URL>
	<image>
		<url>http://weather.gov/images/xml_logo.gif</url>
		<title>NOAA's National Weather Service</title>
		<link>http://weather.gov</link>
	</image>
	<suggested_pickup>15 minutes after the hour</suggested_pickup>
	<suggested_pickup_period>60</suggested_pickup_period>
	<location>Unknown Station</location>
	<station_id>MMCZ</station_id>
	<observation_time>Last Updated on Apr 17 2020, 3:45 pm EST</observation_time>
        <observation_time_rfc822>Fri, 17 Apr 2020 15:45:00 -0500</observation_time_rfc822>
	<weather>Partly Cloudy</weather>
	<temperature_string>90.0 F (32.0 C)</temperature_string>
	<temp_f>90.0</temp_f>
	<temp_c>32.0</temp_c>
	<relative_humidity>59</relative_humidity>
	<wind_string>Southeast at 15.0 MPH (13 KT)</wind_string>
	<wind_dir>Southeast</wind_dir>
	<wind_degrees>130</wind_degrees>
	<wind_mph>15.0</wind_mph>
	<wind_kt>13</wind_kt>
	<pressure_string>1016.1 mb</pressure_string>
	<pressure_mb>1016.1</pressure_mb>
	<pressure_in>29.99</pressure_in>
	<dewpoint_string>73.4 F (23.0 C)</dewpoint_string>
	<dewpoint_f>73.4</dewpoint_f>
	<dewpoint_c>23.0</dewpoint_c>
	<heat_index_string>99 F (37 C)</heat_index_string>
      	<heat_index_f>99</heat_index_f>
      	<heat_index_c>37</heat_index_c>
	<visibility_mi>8.00</visibility_mi>
 	<icon_url_base>http://forecast.weather.gov/images/wtf/small/</icon_url_base>
	<two_day_history_url>http://www.weather.gov/data/obhistory/MMCZ.html</two_day_history_url>
	<icon_url_name>sct.png</icon_url_name>
	<ob_url>http://www.weather.gov/data/METAR/MMCZ.1.txt</ob_url>
	<disclaimer_url>http://weather.gov/disclaimer.html</disclaimer_url>
	<copyright_url>http://weather.gov/disclaimer.html</copyright_url>
	<privacy_policy_url>http://weather.gov/notice.html</privacy_policy_url>
</current_observation>
