<?xml version="1.0" encoding="ISO-8859-1"?> 
<?xml-stylesheet href="latest_ob.xsl" type="text/xsl"?>
<current_observation version="1.0"
	 xmlns:xsd="http://www.w3.org/2001/XMLSchema"
	 xmlns:xsi="http://www.w3.org/2001/XMLSchema-instance"
	 xsi:noNamespaceSchemaLocation="http://www.weather.gov/view/current_observation.xsd">
	<credit>NOAA's National Weather Service</credit>
	<credit_URL>http://weather.gov/</credit_URL>
	<image>
		<url>http://weather.gov/images/xml_logo.gif</url>
		<title>NOAA's National Weather Service</title>
		<link>http://weather.gov</link>
	</image>
	<suggested_pickup>15 minutes after the hour</suggested_pickup>
	<suggested_pickup_period>60</suggested_pickup_period>
	<location>Unknown Station</location>
	<station_id>MMSP</station_id>
	<observation_time>Last Updated on Apr 17 2020, 2:45 pm EST</observation_time>
        <observation_time_rfc822>Fri, 17 Apr 2020 14:45:00 -0500</observation_time_rfc822>
	<weather>Mostly Cloudy</weather>
	<temperature_string>88.0 F (31.0 C)</temperature_string>
	<temp_f>88.0</temp_f>
	<temp_c>31.0</temp_c>
	<relative_humidity>13</relative_humidity>
	<wind_string>from the Southwest at 10.4 gusting to 21.9 MPH (9 gusting to 19 KT)</wind_string>
	<wind_dir>Southwest</wind_dir>
	<wind_degrees>230</wind_degrees>
	<wind_mph>10.4</wind_mph>
	<wind_gust_mph>21.9</wind_gust_mph>
	<wind_kt>9</wind_kt>
	<wind_gust_kt>19</wind_gust_kt>
	<pressure_in>30.20</pressure_in>
	<dewpoint_string>30.2 F (-1.0 C)</dewpoint_string>
	<dewpoint_f>30.2</dewpoint_f>
	<dewpoint_c>-1.0</dewpoint_c>
	<heat_index_string>84 F (29 C)</heat_index_string>
      	<heat_index_f>84</heat_index_f>
      	<heat_index_c>29</heat_index_c>
	<visibility_mi>12.00</visibility_mi>
 	<icon_url_base>http://forecast.weather.gov/images/wtf/small/</icon_url_base>
	<two_day_history_url>http://www.weather.gov/data/obhistory/MMSP.html</two_day_history_url>
	<icon_url_name>bkn.png</icon_url_name>
	<ob_url>http://www.weather.gov/data/METAR/MMSP.1.txt</ob_url>
	<disclaimer_url>http://weather.gov/disclaimer.html</disclaimer_url>
	<copyright_url>http://weather.gov/disclaimer.html</copyright_url>
	<privacy_policy_url>http://weather.gov/notice.html</privacy_policy_url>
</current_observation>
