<?xml version="1.0" encoding="ISO-8859-1"?> 
<?xml-stylesheet href="latest_ob.xsl" type="text/xsl"?>
<current_observation version="1.0"
	 xmlns:xsd="http://www.w3.org/2001/XMLSchema"
	 xmlns:xsi="http://www.w3.org/2001/XMLSchema-instance"
	 xsi:noNamespaceSchemaLocation="http://www.weather.gov/view/current_observation.xsd">
	<credit>NOAA's National Weather Service</credit>
	<credit_URL>http://weather.gov/</credit_URL>
	<image>
		<url>http://weather.gov/images/xml_logo.gif</url>
		<title>NOAA's National Weather Service</title>
		<link>http://weather.gov</link>
	</image>
	<suggested_pickup>15 minutes after the hour</suggested_pickup>
	<suggested_pickup_period>60</suggested_pickup_period>
	<location>Unknown Station</location>
	<station_id>MMTG</station_id>
	<observation_time>Last Updated on Apr 7 2018, 6:45 pm EST</observation_time>
        <observation_time_rfc822>Sat, 07 Apr 2018 18:45:00 -0500</observation_time_rfc822>
	<weather>Clear and Breezy</weather>
	<temperature_string>90.0 F (32.0 C)</temperature_string>
	<temp_f>90.0</temp_f>
	<temp_c>32.0</temp_c>
	<relative_humidity>49</relative_humidity>
	<wind_string>South at 23.0 MPH (20 KT)</wind_string>
	<wind_dir>South</wind_dir>
	<wind_degrees>190</wind_degrees>
	<wind_mph>23.0</wind_mph>
	<wind_kt>20</wind_kt>
	<pressure_string>1006.4 mb</pressure_string>
	<pressure_mb>1006.4</pressure_mb>
	<pressure_in>29.68</pressure_in>
	<dewpoint_string>68.0 F (20.0 C)</dewpoint_string>
	<dewpoint_f>68.0</dewpoint_f>
	<dewpoint_c>20.0</dewpoint_c>
	<heat_index_string>94 F (34 C)</heat_index_string>
      	<heat_index_f>94</heat_index_f>
      	<heat_index_c>34</heat_index_c>
	<visibility_mi>7.00</visibility_mi>
 	<icon_url_base>http://forecast.weather.gov/images/wtf/small/</icon_url_base>
	<two_day_history_url>http://www.weather.gov/data/obhistory/MMTG.html</two_day_history_url>
	<icon_url_name>skc.png</icon_url_name>
	<ob_url>http://www.weather.gov/data/METAR/MMTG.1.txt</ob_url>
	<disclaimer_url>http://weather.gov/disclaimer.html</disclaimer_url>
	<copyright_url>http://weather.gov/disclaimer.html</copyright_url>
	<privacy_policy_url>http://weather.gov/notice.html</privacy_policy_url>
</current_observation>
