<?xml version="1.0" encoding="ISO-8859-1"?> 
<?xml-stylesheet href="latest_ob.xsl" type="text/xsl"?>
<current_observation version="1.0"
	 xmlns:xsd="http://www.w3.org/2001/XMLSchema"
	 xmlns:xsi="http://www.w3.org/2001/XMLSchema-instance"
	 xsi:noNamespaceSchemaLocation="http://www.weather.gov/view/current_observation.xsd">
	<credit>NOAA's National Weather Service</credit>
	<credit_URL>http://weather.gov/</credit_URL>
	<image>
		<url>http://weather.gov/images/xml_logo.gif</url>
		<title>NOAA's National Weather Service</title>
		<link>http://weather.gov</link>
	</image>
	<suggested_pickup>15 minutes after the hour</suggested_pickup>
	<suggested_pickup_period>60</suggested_pickup_period>
	<location>Unknown Station</location>
	<station_id>MMTP</station_id>
	<observation_time>Last Updated on Apr 17 2020, 3:41 pm EST</observation_time>
        <observation_time_rfc822>Fri, 17 Apr 2020 15:41:00 -0500</observation_time_rfc822>
	<weather>Partly Cloudy</weather>
	<temperature_string>91.0 F (33.0 C)</temperature_string>
	<temp_f>91.0</temp_f>
	<temp_c>33.0</temp_c>
	<relative_humidity>59</relative_humidity>
	<wind_string>Southwest at 11.5 MPH (10 KT)</wind_string>
	<wind_dir>Southwest</wind_dir>
	<wind_degrees>230</wind_degrees>
	<wind_mph>11.5</wind_mph>
	<wind_kt>10</wind_kt>
	<pressure_string>1014.1 mb</pressure_string>
	<pressure_mb>1014.1</pressure_mb>
	<pressure_in>29.87</pressure_in>
	<dewpoint_string>75.2 F (24.0 C)</dewpoint_string>
	<dewpoint_f>75.2</dewpoint_f>
	<dewpoint_c>24.0</dewpoint_c>
	<heat_index_string>102 F (39 C)</heat_index_string>
      	<heat_index_f>102</heat_index_f>
      	<heat_index_c>39</heat_index_c>
	<visibility_mi>8.00</visibility_mi>
 	<icon_url_base>http://forecast.weather.gov/images/wtf/small/</icon_url_base>
	<two_day_history_url>http://www.weather.gov/data/obhistory/MMTP.html</two_day_history_url>
	<icon_url_name>sct.png</icon_url_name>
	<ob_url>http://www.weather.gov/data/METAR/MMTP.1.txt</ob_url>
	<disclaimer_url>http://weather.gov/disclaimer.html</disclaimer_url>
	<copyright_url>http://weather.gov/disclaimer.html</copyright_url>
	<privacy_policy_url>http://weather.gov/notice.html</privacy_policy_url>
</current_observation>
