<?xml version="1.0" encoding="ISO-8859-1"?> 
<?xml-stylesheet href="latest_ob.xsl" type="text/xsl"?>
<current_observation version="1.0"
	 xmlns:xsd="http://www.w3.org/2001/XMLSchema"
	 xmlns:xsi="http://www.w3.org/2001/XMLSchema-instance"
	 xsi:noNamespaceSchemaLocation="http://www.weather.gov/view/current_observation.xsd">
	<credit>NOAA's National Weather Service</credit>
	<credit_URL>http://weather.gov/</credit_URL>
	<image>
		<url>http://weather.gov/images/xml_logo.gif</url>
		<title>NOAA's National Weather Service</title>
		<link>http://weather.gov</link>
	</image>
	<suggested_pickup>15 minutes after the hour</suggested_pickup>
	<suggested_pickup_period>60</suggested_pickup_period>
	<location>Guantanamo</location>
	<station_id>MUGT</station_id>
	<latitude>20.0853</latitude>
	<longitude>-75.1583</longitude>
	<observation_time>Last Updated on Aug 13 2018, 1:51 pm EDT</observation_time>
        <observation_time_rfc822>Mon, 13 Aug 2018 13:51:00 -0400</observation_time_rfc822>
	<weather>Partly Cloudy</weather>
	<temperature_string>95.0 F (35.0 C)</temperature_string>
	<temp_f>95.0</temp_f>
	<temp_c>35.0</temp_c>
	<relative_humidity>41</relative_humidity>
	<wind_string>Northeast at 12.7 MPH (11 KT)</wind_string>
	<wind_dir>Northeast</wind_dir>
	<wind_degrees>60</wind_degrees>
	<wind_mph>12.7</wind_mph>
	<wind_kt>11</wind_kt>
	<dewpoint_string>68.0 F (20.0 C)</dewpoint_string>
	<dewpoint_f>68.0</dewpoint_f>
	<dewpoint_c>20.0</dewpoint_c>
	<heat_index_string>100 F (38 C)</heat_index_string>
      	<heat_index_f>100</heat_index_f>
      	<heat_index_c>38</heat_index_c>
 	<icon_url_base>http://forecast.weather.gov/images/wtf/small/</icon_url_base>
	<two_day_history_url>http://www.weather.gov/data/obhistory/MUGT.html</two_day_history_url>
	<icon_url_name>sct.png</icon_url_name>
	<ob_url>http://www.weather.gov/data/METAR/MUGT.1.txt</ob_url>
	<disclaimer_url>http://weather.gov/disclaimer.html</disclaimer_url>
	<copyright_url>http://weather.gov/disclaimer.html</copyright_url>
	<privacy_policy_url>http://weather.gov/notice.html</privacy_policy_url>
</current_observation>
