<?xml version="1.0" encoding="ISO-8859-1"?> 
<?xml-stylesheet href="latest_ob.xsl" type="text/xsl"?>
<current_observation version="1.0"
	 xmlns:xsd="http://www.w3.org/2001/XMLSchema"
	 xmlns:xsi="http://www.w3.org/2001/XMLSchema-instance"
	 xsi:noNamespaceSchemaLocation="http://www.weather.gov/view/current_observation.xsd">
	<credit>NOAA's National Weather Service</credit>
	<credit_URL>http://weather.gov/</credit_URL>
	<image>
		<url>http://weather.gov/images/xml_logo.gif</url>
		<title>NOAA's National Weather Service</title>
		<link>http://weather.gov</link>
	</image>
	<suggested_pickup>15 minutes after the hour</suggested_pickup>
	<suggested_pickup_period>60</suggested_pickup_period>
	<location>Varadero</location>
	<station_id>MUVR</station_id>
	<latitude>23.0344</latitude>
	<longitude>-81.4353</longitude>
	<observation_time>Last Updated on Apr 17 2020, 3:50 pm EDT</observation_time>
        <observation_time_rfc822>Fri, 17 Apr 2020 15:50:00 -0400</observation_time_rfc822>
	<weather>A Few Clouds</weather>
	<temperature_string>91.0 F (33.0 C)</temperature_string>
	<temp_f>91.0</temp_f>
	<temp_c>33.0</temp_c>
	<relative_humidity>49</relative_humidity>
	<wind_string>Northeast at 16.1 MPH (14 KT)</wind_string>
	<wind_dir>Northeast</wind_dir>
	<wind_degrees>50</wind_degrees>
	<wind_mph>16.1</wind_mph>
	<wind_kt>14</wind_kt>
	<dewpoint_string>69.8 F (21.0 C)</dewpoint_string>
	<dewpoint_f>69.8</dewpoint_f>
	<dewpoint_c>21.0</dewpoint_c>
	<heat_index_string>96 F (36 C)</heat_index_string>
      	<heat_index_f>96</heat_index_f>
      	<heat_index_c>36</heat_index_c>
 	<icon_url_base>http://forecast.weather.gov/images/wtf/small/</icon_url_base>
	<two_day_history_url>http://www.weather.gov/data/obhistory/MUVR.html</two_day_history_url>
	<icon_url_name>few.png</icon_url_name>
	<ob_url>http://www.weather.gov/data/METAR/MUVR.1.txt</ob_url>
	<disclaimer_url>http://weather.gov/disclaimer.html</disclaimer_url>
	<copyright_url>http://weather.gov/disclaimer.html</copyright_url>
	<privacy_policy_url>http://weather.gov/notice.html</privacy_policy_url>
</current_observation>
