<?xml version="1.0" encoding="ISO-8859-1"?> 
<?xml-stylesheet href="latest_ob.xsl" type="text/xsl"?>
<current_observation version="1.0"
	 xmlns:xsd="http://www.w3.org/2001/XMLSchema"
	 xmlns:xsi="http://www.w3.org/2001/XMLSchema-instance"
	 xsi:noNamespaceSchemaLocation="http://www.weather.gov/view/current_observation.xsd">
	<credit>NOAA's National Weather Service</credit>
	<credit_URL>http://weather.gov/</credit_URL>
	<image>
		<url>http://weather.gov/images/xml_logo.gif</url>
		<title>NOAA's National Weather Service</title>
		<link>http://weather.gov</link>
	</image>
	<suggested_pickup>15 minutes after the hour</suggested_pickup>
	<suggested_pickup_period>60</suggested_pickup_period>
	<location>Vavau International Airport</location>
	<station_id>NFTV</station_id>
	<latitude>-18.5853</latitude>
	<longitude>-173.96201</longitude>
	<observation_time>Last Updated on Apr 17 2020, 8:00 pm ZST </observation_time>
        <observation_time_rfc822>Fri, 17 Apr 2020 20:00:00 +0000</observation_time_rfc822>
	<weather>Partly Cloudy</weather>
	<temperature_string>81.0 F (27.0 C)</temperature_string>
	<temp_f>81.0</temp_f>
	<temp_c>27.0</temp_c>
	<relative_humidity>84</relative_humidity>
	<wind_string>Southeast at 8.1 MPH (7 KT)</wind_string>
	<wind_dir>Southeast</wind_dir>
	<wind_degrees>120</wind_degrees>
	<wind_mph>8.1</wind_mph>
	<wind_kt>7</wind_kt>
	<dewpoint_string>75.2 F (24.0 C)</dewpoint_string>
	<dewpoint_f>75.2</dewpoint_f>
	<dewpoint_c>24.0</dewpoint_c>
	<heat_index_string>87 F (31 C)</heat_index_string>
      	<heat_index_f>87</heat_index_f>
      	<heat_index_c>31</heat_index_c>
 	<icon_url_base>http://forecast.weather.gov/images/wtf/small/</icon_url_base>
	<two_day_history_url>http://www.weather.gov/data/obhistory/NFTV.html</two_day_history_url>
	<icon_url_name>nsct.png</icon_url_name>
	<ob_url>http://www.weather.gov/data/METAR/NFTV.1.txt</ob_url>
	<disclaimer_url>http://weather.gov/disclaimer.html</disclaimer_url>
	<copyright_url>http://weather.gov/disclaimer.html</copyright_url>
	<privacy_policy_url>http://weather.gov/notice.html</privacy_policy_url>
</current_observation>
