<?xml version="1.0" encoding="ISO-8859-1"?> 
<?xml-stylesheet href="latest_ob.xsl" type="text/xsl"?>
<current_observation version="1.0"
	 xmlns:xsd="http://www.w3.org/2001/XMLSchema"
	 xmlns:xsi="http://www.w3.org/2001/XMLSchema-instance"
	 xsi:noNamespaceSchemaLocation="http://www.weather.gov/view/current_observation.xsd">
	<credit>NOAA's National Weather Service</credit>
	<credit_URL>http://weather.gov/</credit_URL>
	<image>
		<url>http://weather.gov/images/xml_logo.gif</url>
		<title>NOAA's National Weather Service</title>
		<link>http://weather.gov</link>
	</image>
	<suggested_pickup>15 minutes after the hour</suggested_pickup>
	<suggested_pickup_period>60</suggested_pickup_period>
	<location>Golovin, Golovin Airport, AK</location>
	<station_id>PAGL</station_id>
	<latitude>64.54333</latitude>
	<longitude>-163.03944</longitude>
	<observation_time>Last Updated on Apr 17 2020, 8:56 am AKDT</observation_time>
        <observation_time_rfc822>Fri, 17 Apr 2020 08:56:00 -0800</observation_time_rfc822>
	<weather>Light Rain</weather>
	<temperature_string>37.0 F (2.8 C)</temperature_string>
	<temp_f>37.0</temp_f>
	<temp_c>2.8</temp_c>
	<relative_humidity>96</relative_humidity>
	<wind_string>South at 5.8 MPH (5 KT)</wind_string>
	<wind_dir>South</wind_dir>
	<wind_degrees>200</wind_degrees>
	<wind_mph>5.8</wind_mph>
	<wind_kt>5</wind_kt>
	<pressure_string>1012.1 mb</pressure_string>
	<pressure_mb>1012.1</pressure_mb>
	<pressure_in>29.90</pressure_in>
	<dewpoint_string>36.0 F (2.2 C)</dewpoint_string>
	<dewpoint_f>36.0</dewpoint_f>
	<dewpoint_c>2.2</dewpoint_c>
	<windchill_string>32 F (0 C)</windchill_string>
      	<windchill_f>32</windchill_f>
      	<windchill_c>0</windchill_c>
	<visibility_mi>10.00</visibility_mi>
 	<icon_url_base>http://forecast.weather.gov/images/wtf/small/</icon_url_base>
	<two_day_history_url>http://www.weather.gov/data/obhistory/PAGL.html</two_day_history_url>
	<icon_url_name>ra.png</icon_url_name>
	<ob_url>http://www.weather.gov/data/METAR/PAGL.1.txt</ob_url>
	<disclaimer_url>http://weather.gov/disclaimer.html</disclaimer_url>
	<copyright_url>http://weather.gov/disclaimer.html</copyright_url>
	<privacy_policy_url>http://weather.gov/notice.html</privacy_policy_url>
</current_observation>
